crop,year,row,col,orig_yield,pf_yield,diff,shaw_class,af_class,driver
combined_winter_barley,1979,27,78,4.0,0.0,-4.0,-1,4,soil_moisture_awc
combined_winter_barley,1979,27,82,1.0,0.0,-1.0,-1,4,soil_moisture_awc
combined_winter_barley,1980,27,78,1.0,0.0,-1.0,0,4,soil_moisture_awc
combined_winter_barley,1980,27,79,3.0,1.0,-2.0,0,4,yield_change
combined_winter_barley,1980,28,84,1.0,0.0,-1.0,0,4,soil_moisture_awc
combined_winter_barley,1981,26,79,1.0,0.0,-1.0,0,3,soil_moisture_awc
combined_winter_barley,1981,27,69,1.0,0.0,-1.0,0,4,soil_moisture_awc
combined_winter_barley,1981,27,78,3.0,0.0,-3.0,0,4,soil_moisture_awc
combined_winter_barley,1981,27,79,4.0,5.0,1.0,0,4,yield_change
combined_winter_barley,1981,28,69,1.0,0.0,-1.0,0,4,soil_moisture_awc
combined_winter_barley,1981,28,70,1.0,0.0,-1.0,0,4,soil_moisture_awc
combined_winter_barley,1981,28,72,1.0,0.0,-1.0,0,4,soil_moisture_awc
combined_winter_barley,1981,28,83,1.0,0.0,-1.0,0,4,soil_moisture_awc
combined_winter_barley,1981,28,84,1.0,0.0,-1.0,0,4,soil_moisture_awc
combined_winter_barley,1981,29,68,1.0,0.0,-1.0,0,4,soil_moisture_awc
combined_winter_barley,1981,29,69,1.0,0.0,-1.0,0,4,soil_moisture_awc
combined_winter_barley,1981,29,70,1.0,0.0,-1.0,0,4,soil_moisture_awc
combined_winter_barley,1981,29,71,1.0,0.0,-1.0,0,4,soil_moisture_awc
combined_winter_barley,1981,29,77,1.0,0.0,-1.0,0,4,soil_moisture_awc
combined_winter_barley,1981,29,78,1.0,0.0,-1.0,0,4,soil_moisture_awc
combined_winter_barley,1981,29,79,1.0,0.0,-1.0,0,4,soil_moisture_awc
combined_winter_barley,1981,29,80,4.0,5.0,1.0,0,4,yield_change
combined_winter_barley,1981,29,84,4.0,0.0,-4.0,0,4,soil_moisture_awc
combined_winter_barley,1981,30,67,1.0,0.0,-1.0,0,4,soil_moisture_awc
combined_winter_barley,1981,30,68,1.0,0.0,-1.0,0,4,soil_moisture_awc
combined_winter_barley,1981,30,69,1.0,0.0,-1.0,0,4,soil_moisture_awc
combined_winter_barley,1981,30,70,1.0,0.0,-1.0,0,4,soil_moisture_awc
combined_winter_barley,1981,30,71,1.0,0.0,-1.0,0,4,soil_moisture_awc
combined_winter_barley,1981,30,75,2.0,0.0,-2.0,0,4,soil_moisture_awc
combined_winter_barley,1981,30,78,4.0,5.0,1.0,0,4,yield_change
combined_winter_barley,1981,30,84,3.0,0.0,-3.0,0,4,soil_moisture_awc
combined_winter_barley,1981,31,67,1.0,0.0,-1.0,0,4,soil_moisture_awc
combined_winter_barley,1981,31,68,1.0,0.0,-1.0,0,4,soil_moisture_awc
combined_winter_barley,1981,31,69,1.0,0.0,-1.0,0,4,soil_moisture_awc
combined_winter_barley,1981,31,70,1.0,0.0,-1.0,0,4,soil_moisture_awc
combined_winter_barley,1981,31,71,1.0,0.0,-1.0,0,4,soil_moisture_awc
combined_winter_barley,1981,31,77,1.0,0.0,-1.0,0,4,soil_moisture_awc
combined_winter_barley,1981,31,78,4.0,0.0,-4.0,0,4,soil_moisture_awc
combined_winter_barley,1981,32,70,1.0,0.0,-1.0,0,4,soil_moisture_awc
combined_winter_barley,1981,32,71,1.0,0.0,-1.0,0,4,soil_moisture_awc
combined_winter_barley,1981,33,72,1.0,0.0,-1.0,0,4,soil_moisture_awc
combined_winter_barley,1981,34,72,1.0,0.0,-1.0,0,4,soil_moisture_awc
combined_winter_barley,1982,23,78,0.0,1.0,1.0,0,3,yield_change
combined_winter_barley,1982,27,78,1.0,0.0,-1.0,0,4,soil_moisture_awc
combined_winter_barley,1982,27,79,2.0,0.0,-2.0,0,4,soil_moisture_awc
combined_winter_barley,1982,27,82,5.0,0.0,-5.0,0,4,soil_moisture_awc
combined_winter_barley,1982,28,81,2.0,0.0,-2.0,0,4,soil_moisture_awc
combined_winter_barley,1982,28,83,3.0,0.0,-3.0,0,4,soil_moisture_awc
combined_winter_barley,1983,27,69,1.0,0.0,-1.0,0,3,soil_moisture_awc
combined_winter_barley,1983,27,78,1.0,0.0,-1.0,0,4,soil_moisture_awc
combined_winter_barley,1983,28,69,0.0,1.0,1.0,0,3,yield_change
combined_winter_barley,1983,30,63,1.0,0.0,-1.0,0,4,soil_moisture_awc
combined_winter_barley,1983,31,77,1.0,0.0,-1.0,0,4,soil_moisture_awc
combined_winter_barley,1984,26,58,1.0,0.0,-1.0,0,3,soil_moisture_awc
combined_winter_barley,1984,26,59,1.0,0.0,-1.0,0,4,soil_moisture_awc
combined_winter_barley,1984,26,60,1.0,0.0,-1.0,0,4,soil_moisture_awc
combined_winter_barley,1984,26,61,1.0,0.0,-1.0,0,4,soil_moisture_awc
combined_winter_barley,1984,26,62,1.0,0.0,-1.0,0,4,soil_moisture_awc
combined_winter_barley,1984,27,78,1.0,0.0,-1.0,0,4,soil_moisture_awc
combined_winter_barley,1984,30,75,3.0,0.0,-3.0,0,4,soil_moisture_awc
combined_winter_barley,1984,31,77,4.0,0.0,-4.0,0,4,soil_moisture_awc
combined_winter_barley,1985,27,62,5.0,0.0,-5.0,0,4,soil_moisture_awc
combined_winter_barley,1985,27,63,5.0,0.0,-5.0,0,4,soil_moisture_awc
combined_winter_barley,1985,27,64,1.0,0.0,-1.0,0,4,soil_moisture_awc
combined_winter_barley,1985,27,78,2.0,0.0,-2.0,0,4,soil_moisture_awc
combined_winter_barley,1985,27,79,3.0,4.0,1.0,0,4,yield_change
combined_winter_barley,1985,27,80,4.0,5.0,1.0,0,4,yield_change
combined_winter_barley,1985,28,62,5.0,0.0,-5.0,0,4,soil_moisture_awc
combined_winter_barley,1985,28,63,5.0,0.0,-5.0,0,4,soil_moisture_awc
combined_winter_barley,1985,28,64,1.0,0.0,-1.0,0,4,soil_moisture_awc
combined_winter_barley,1985,28,65,1.0,0.0,-1.0,0,4,soil_moisture_awc
combined_winter_barley,1985,28,81,3.0,4.0,1.0,0,4,yield_change
combined_winter_barley,1985,29,63,5.0,0.0,-5.0,0,4,soil_moisture_awc
combined_winter_barley,1985,29,64,1.0,0.0,-1.0,0,4,soil_moisture_awc
combined_winter_barley,1985,29,65,1.0,0.0,-1.0,0,4,soil_moisture_awc
combined_winter_barley,1985,29,66,1.0,0.0,-1.0,0,4,soil_moisture_awc
combined_winter_barley,1985,29,67,1.0,0.0,-1.0,0,4,soil_moisture_awc
combined_winter_barley,1985,29,68,1.0,0.0,-1.0,0,4,soil_moisture_awc
combined_winter_barley,1985,29,70,1.0,0.0,-1.0,0,4,soil_moisture_awc
combined_winter_barley,1985,29,78,3.0,4.0,1.0,0,4,yield_change
combined_winter_barley,1985,29,79,3.0,4.0,1.0,0,4,yield_change
combined_winter_barley,1985,29,80,3.0,4.0,1.0,0,4,yield_change
combined_winter_barley,1985,29,84,3.0,4.0,1.0,0,4,yield_change
combined_winter_barley,1985,30,64,5.0,0.0,-5.0,0,4,soil_moisture_awc
combined_winter_barley,1985,30,65,1.0,0.0,-1.0,0,4,soil_moisture_awc
combined_winter_barley,1985,30,66,1.0,0.0,-1.0,0,4,soil_moisture_awc
combined_winter_barley,1985,30,67,1.0,0.0,-1.0,0,4,soil_moisture_awc
combined_winter_barley,1985,30,68,1.0,0.0,-1.0,0,4,soil_moisture_awc
combined_winter_barley,1985,30,69,1.0,0.0,-1.0,0,4,soil_moisture_awc
combined_winter_barley,1985,30,70,1.0,0.0,-1.0,0,4,soil_moisture_awc
combined_winter_barley,1985,30,75,2.0,3.0,1.0,0,4,yield_change
combined_winter_barley,1985,30,78,3.0,5.0,2.0,0,4,yield_change
combined_winter_barley,1985,30,84,3.0,4.0,1.0,0,4,yield_change
combined_winter_barley,1985,31,65,1.0,0.0,-1.0,0,4,soil_moisture_awc
combined_winter_barley,1985,31,66,1.0,0.0,-1.0,0,4,soil_moisture_awc
combined_winter_barley,1985,31,67,1.0,0.0,-1.0,0,4,soil_moisture_awc
combined_winter_barley,1985,31,68,1.0,0.0,-1.0,0,4,soil_moisture_awc
combined_winter_barley,1985,31,69,1.0,0.0,-1.0,0,4,soil_moisture_awc
combined_winter_barley,1985,31,70,1.0,0.0,-1.0,0,4,soil_moisture_awc
combined_winter_barley,1985,31,71,1.0,0.0,-1.0,0,4,soil_moisture_awc
combined_winter_barley,1985,31,77,3.0,4.0,1.0,0,4,yield_change
combined_winter_barley,1985,31,78,3.0,5.0,2.0,0,4,yield_change
combined_winter_barley,1985,32,70,1.0,0.0,-1.0,0,4,soil_moisture_awc
combined_winter_barley,1985,32,71,1.0,0.0,-1.0,0,4,soil_moisture_awc
combined_winter_barley,1985,32,78,2.0,3.0,1.0,0,4,yield_change
combined_winter_barley,1985,32,79,3.0,5.0,2.0,0,4,yield_change
combined_winter_barley,1986,26,79,1.0,0.0,-1.0,0,3,soil_moisture_awc
combined_winter_barley,1986,27,60,1.0,0.0,-1.0,0,4,soil_moisture_awc
combined_winter_barley,1986,27,78,1.0,0.0,-1.0,0,4,soil_moisture_awc
combined_winter_barley,1986,27,79,5.0,0.0,-5.0,0,4,soil_moisture_awc
combined_winter_barley,1986,27,80,1.0,5.0,4.0,0,4,yield_change
combined_winter_barley,1986,28,60,1.0,0.0,-1.0,0,4,soil_moisture_awc
combined_winter_barley,1986,28,61,1.0,0.0,-1.0,0,4,soil_moisture_awc
combined_winter_barley,1986,28,73,0.0,2.0,2.0,0,4,yield_change
combined_winter_barley,1986,28,81,5.0,0.0,-5.0,0,4,soil_moisture_awc
combined_winter_barley,1986,28,83,1.0,0.0,-1.0,0,4,soil_moisture_awc
combined_winter_barley,1986,28,84,1.0,0.0,-1.0,0,4,soil_moisture_awc
combined_winter_barley,1986,29,61,1.0,0.0,-1.0,0,4,soil_moisture_awc
combined_winter_barley,1986,29,62,1.0,0.0,-1.0,0,4,soil_moisture_awc
combined_winter_barley,1986,29,77,1.0,0.0,-1.0,0,4,soil_moisture_awc
combined_winter_barley,1986,29,78,1.0,0.0,-1.0,0,4,soil_moisture_awc
combined_winter_barley,1986,29,79,1.0,0.0,-1.0,0,4,soil_moisture_awc
combined_winter_barley,1986,29,80,5.0,0.0,-5.0,0,4,soil_moisture_awc
combined_winter_barley,1986,29,84,5.0,0.0,-5.0,0,4,soil_moisture_awc
combined_winter_barley,1986,30,84,5.0,0.0,-5.0,0,4,soil_moisture_awc
combined_winter_barley,1987,25,61,1.0,0.0,-1.0,0,4,soil_moisture_awc
combined_winter_barley,1987,25,62,1.0,0.0,-1.0,0,4,soil_moisture_awc
combined_winter_barley,1987,25,63,1.0,0.0,-1.0,0,4,soil_moisture_awc
combined_winter_barley,1987,25,64,1.0,0.0,-1.0,0,4,soil_moisture_awc
combined_winter_barley,1987,25,66,1.0,0.0,-1.0,0,4,soil_moisture_awc
combined_winter_barley,1987,26,58,1.0,0.0,-1.0,0,4,soil_moisture_awc
combined_winter_barley,1987,26,59,1.0,0.0,-1.0,0,4,soil_moisture_awc
combined_winter_barley,1987,26,60,1.0,0.0,-1.0,0,4,soil_moisture_awc
combined_winter_barley,1987,26,61,1.0,0.0,-1.0,0,4,soil_moisture_awc
combined_winter_barley,1987,26,62,5.0,0.0,-5.0,0,4,soil_moisture_awc
combined_winter_barley,1987,26,63,5.0,0.0,-5.0,0,4,soil_moisture_awc
combined_winter_barley,1987,26,64,5.0,0.0,-5.0,0,4,soil_moisture_awc
combined_winter_barley,1987,26,65,5.0,0.0,-5.0,0,4,soil_moisture_awc
combined_winter_barley,1987,26,66,5.0,0.0,-5.0,0,4,soil_moisture_awc
combined_winter_barley,1987,26,67,1.0,0.0,-1.0,0,4,soil_moisture_awc
combined_winter_barley,1987,27,60,1.0,0.0,-1.0,0,4,soil_moisture_awc
combined_winter_barley,1987,27,62,5.0,0.0,-5.0,0,4,soil_moisture_awc
combined_winter_barley,1987,27,63,5.0,0.0,-5.0,0,4,soil_moisture_awc
combined_winter_barley,1987,27,64,5.0,0.0,-5.0,0,4,soil_moisture_awc
combined_winter_barley,1987,27,65,5.0,0.0,-5.0,0,4,soil_moisture_awc
combined_winter_barley,1987,27,66,5.0,0.0,-5.0,0,4,soil_moisture_awc
combined_winter_barley,1987,27,67,5.0,0.0,-5.0,0,4,soil_moisture_awc
combined_winter_barley,1987,27,68,1.0,0.0,-1.0,0,4,soil_moisture_awc
combined_winter_barley,1987,27,69,1.0,0.0,-1.0,0,4,soil_moisture_awc
combined_winter_barley,1987,27,78,2.0,0.0,-2.0,0,4,soil_moisture_awc
combined_winter_barley,1987,27,79,3.0,4.0,1.0,0,4,yield_change
combined_winter_barley,1987,27,80,4.0,5.0,1.0,0,4,yield_change
combined_winter_barley,1987,27,82,4.0,5.0,1.0,0,4,yield_change
combined_winter_barley,1987,28,61,5.0,0.0,-5.0,0,4,soil_moisture_awc
combined_winter_barley,1987,28,62,5.0,0.0,-5.0,0,4,soil_moisture_awc
combined_winter_barley,1987,28,63,5.0,0.0,-5.0,0,4,soil_moisture_awc
combined_winter_barley,1987,28,64,5.0,0.0,-5.0,0,4,soil_moisture_awc
combined_winter_barley,1987,28,65,5.0,0.0,-5.0,0,4,soil_moisture_awc
combined_winter_barley,1987,28,66,5.0,0.0,-5.0,0,4,soil_moisture_awc
combined_winter_barley,1987,28,67,5.0,0.0,-5.0,0,4,soil_moisture_awc
combined_winter_barley,1987,28,68,5.0,0.0,-5.0,0,4,soil_moisture_awc
combined_winter_barley,1987,28,73,3.0,4.0,1.0,0,4,yield_change
combined_winter_barley,1987,28,81,3.0,4.0,1.0,0,4,yield_change
combined_winter_barley,1987,28,83,3.0,5.0,2.0,0,4,yield_change
combined_winter_barley,1987,28,84,2.0,3.0,1.0,0,4,yield_change
combined_winter_barley,1987,29,62,5.0,0.0,-5.0,0,4,soil_moisture_awc
combined_winter_barley,1987,29,63,5.0,0.0,-5.0,0,4,soil_moisture_awc
combined_winter_barley,1987,29,64,5.0,0.0,-5.0,0,4,soil_moisture_awc
combined_winter_barley,1987,29,65,5.0,0.0,-5.0,0,4,soil_moisture_awc
combined_winter_barley,1987,29,66,5.0,0.0,-5.0,0,4,soil_moisture_awc
combined_winter_barley,1987,29,67,5.0,0.0,-5.0,0,4,soil_moisture_awc
combined_winter_barley,1987,29,68,5.0,0.0,-5.0,0,4,soil_moisture_awc
combined_winter_barley,1987,29,69,5.0,0.0,-5.0,0,4,soil_moisture_awc
combined_winter_barley,1987,29,70,3.0,0.0,-3.0,0,4,soil_moisture_awc
combined_winter_barley,1987,29,71,3.0,0.0,-3.0,0,4,soil_moisture_awc
combined_winter_barley,1987,29,77,2.0,3.0,1.0,0,4,yield_change
combined_winter_barley,1987,29,78,3.0,0.0,-3.0,0,4,soil_moisture_awc
combined_winter_barley,1987,29,79,3.0,0.0,-3.0,0,4,soil_moisture_awc
combined_winter_barley,1987,29,80,3.0,4.0,1.0,0,4,yield_change
combined_winter_barley,1987,29,84,3.0,4.0,1.0,0,4,yield_change
combined_winter_barley,1987,30,63,5.0,0.0,-5.0,0,4,soil_moisture_awc
combined_winter_barley,1987,30,64,5.0,0.0,-5.0,0,4,soil_moisture_awc
combined_winter_barley,1987,30,65,5.0,0.0,-5.0,0,4,soil_moisture_awc
combined_winter_barley,1987,30,66,5.0,0.0,-5.0,0,4,soil_moisture_awc
combined_winter_barley,1987,30,67,5.0,0.0,-5.0,0,4,soil_moisture_awc
combined_winter_barley,1987,30,68,5.0,0.0,-5.0,0,4,soil_moisture_awc
combined_winter_barley,1987,30,69,5.0,0.0,-5.0,0,4,soil_moisture_awc
combined_winter_barley,1987,30,70,5.0,0.0,-5.0,0,4,soil_moisture_awc
combined_winter_barley,1987,30,71,3.0,0.0,-3.0,0,4,soil_moisture_awc
combined_winter_barley,1987,30,75,2.0,0.0,-2.0,0,4,soil_moisture_awc
combined_winter_barley,1987,30,78,3.0,4.0,1.0,0,4,yield_change
combined_winter_barley,1987,30,84,3.0,4.0,1.0,0,4,yield_change
combined_winter_barley,1987,31,64,5.0,0.0,-5.0,0,4,soil_moisture_awc
combined_winter_barley,1987,31,65,3.0,0.0,-3.0,0,4,soil_moisture_awc
combined_winter_barley,1987,31,66,4.0,0.0,-4.0,0,4,soil_moisture_awc
combined_winter_barley,1987,31,67,5.0,0.0,-5.0,0,4,soil_moisture_awc
combined_winter_barley,1987,31,68,3.0,0.0,-3.0,0,4,soil_moisture_awc
combined_winter_barley,1987,31,69,5.0,0.0,-5.0,0,4,soil_moisture_awc
combined_winter_barley,1987,31,70,5.0,0.0,-5.0,0,4,soil_moisture_awc
combined_winter_barley,1987,31,71,3.0,0.0,-3.0,0,4,soil_moisture_awc
combined_winter_barley,1987,31,77,3.0,0.0,-3.0,0,4,soil_moisture_awc
combined_winter_barley,1987,32,70,4.0,0.0,-4.0,0,4,soil_moisture_awc
combined_winter_barley,1987,32,71,3.0,0.0,-3.0,0,4,soil_moisture_awc
combined_winter_barley,1988,24,41,2.0,0.0,-2.0,0,4,soil_moisture_awc
combined_winter_barley,1988,24,42,3.0,0.0,-3.0,0,4,soil_moisture_awc
combined_winter_barley,1988,24,43,3.0,0.0,-3.0,0,4,soil_moisture_awc
combined_winter_barley,1988,25,63,1.0,0.0,-1.0,0,4,soil_moisture_awc
combined_winter_barley,1988,26,57,1.0,0.0,-1.0,0,4,soil_moisture_awc
combined_winter_barley,1988,26,58,1.0,0.0,-1.0,0,4,soil_moisture_awc
combined_winter_barley,1988,26,59,1.0,0.0,-1.0,0,4,soil_moisture_awc
combined_winter_barley,1988,26,60,1.0,0.0,-1.0,0,4,soil_moisture_awc
combined_winter_barley,1988,26,61,5.0,0.0,-5.0,0,4,soil_moisture_awc
combined_winter_barley,1988,26,62,5.0,0.0,-5.0,0,4,soil_moisture_awc
combined_winter_barley,1988,26,63,5.0,0.0,-5.0,0,4,soil_moisture_awc
combined_winter_barley,1988,26,64,4.0,0.0,-4.0,0,4,soil_moisture_awc
combined_winter_barley,1988,26,65,1.0,0.0,-1.0,0,4,soil_moisture_awc
combined_winter_barley,1988,26,66,1.0,0.0,-1.0,0,4,soil_moisture_awc
combined_winter_barley,1988,27,59,1.0,0.0,-1.0,0,4,soil_moisture_awc
combined_winter_barley,1988,27,60,1.0,0.0,-1.0,0,4,soil_moisture_awc
combined_winter_barley,1988,27,63,5.0,0.0,-5.0,0,4,soil_moisture_awc
combined_winter_barley,1988,27,64,4.0,0.0,-4.0,0,4,soil_moisture_awc
combined_winter_barley,1988,27,65,4.0,0.0,-4.0,0,4,soil_moisture_awc
combined_winter_barley,1988,27,66,1.0,0.0,-1.0,0,4,soil_moisture_awc
combined_winter_barley,1988,27,67,1.0,0.0,-1.0,0,4,soil_moisture_awc
combined_winter_barley,1988,27,68,1.0,0.0,-1.0,0,4,soil_moisture_awc
combined_winter_barley,1988,27,78,2.0,0.0,-2.0,0,4,soil_moisture_awc
combined_winter_barley,1988,28,60,5.0,0.0,-5.0,0,4,soil_moisture_awc
combined_winter_barley,1988,28,61,5.0,0.0,-5.0,0,4,soil_moisture_awc
combined_winter_barley,1988,28,62,5.0,0.0,-5.0,0,4,soil_moisture_awc
combined_winter_barley,1988,28,63,5.0,0.0,-5.0,0,4,soil_moisture_awc
combined_winter_barley,1988,28,64,5.0,0.0,-5.0,0,4,soil_moisture_awc
combined_winter_barley,1988,28,65,5.0,0.0,-5.0,0,4,soil_moisture_awc
combined_winter_barley,1988,28,66,4.0,0.0,-4.0,0,4,soil_moisture_awc
combined_winter_barley,1988,28,67,4.0,0.0,-4.0,0,4,soil_moisture_awc
combined_winter_barley,1988,28,68,1.0,0.0,-1.0,0,4,soil_moisture_awc
combined_winter_barley,1988,28,83,3.0,0.0,-3.0,0,4,soil_moisture_awc
combined_winter_barley,1988,29,61,5.0,0.0,-5.0,0,4,soil_moisture_awc
combined_winter_barley,1988,29,62,5.0,0.0,-5.0,0,4,soil_moisture_awc
combined_winter_barley,1988,29,63,5.0,0.0,-5.0,0,4,soil_moisture_awc
combined_winter_barley,1988,29,64,5.0,0.0,-5.0,0,4,soil_moisture_awc
combined_winter_barley,1988,29,65,5.0,0.0,-5.0,0,4,soil_moisture_awc
combined_winter_barley,1988,29,66,4.0,0.0,-4.0,0,4,soil_moisture_awc
combined_winter_barley,1988,29,67,4.0,0.0,-4.0,0,4,soil_moisture_awc
combined_winter_barley,1988,29,68,4.0,0.0,-4.0,0,4,soil_moisture_awc
combined_winter_barley,1988,29,69,1.0,0.0,-1.0,0,4,soil_moisture_awc
combined_winter_barley,1988,29,70,1.0,0.0,-1.0,0,4,soil_moisture_awc
combined_winter_barley,1988,29,79,3.0,0.0,-3.0,0,4,soil_moisture_awc
combined_winter_barley,1988,30,61,3.0,4.0,1.0,0,4,yield_change
combined_winter_barley,1988,30,62,3.0,0.0,-3.0,0,4,soil_moisture_awc
combined_winter_barley,1988,30,63,5.0,0.0,-5.0,0,4,soil_moisture_awc
combined_winter_barley,1988,30,64,5.0,0.0,-5.0,0,4,soil_moisture_awc
combined_winter_barley,1988,30,65,5.0,0.0,-5.0,0,4,soil_moisture_awc
combined_winter_barley,1988,30,66,5.0,0.0,-5.0,0,4,soil_moisture_awc
combined_winter_barley,1988,30,67,5.0,0.0,-5.0,0,4,soil_moisture_awc
combined_winter_barley,1988,30,68,1.0,0.0,-1.0,0,4,soil_moisture_awc
combined_winter_barley,1988,30,69,1.0,0.0,-1.0,0,4,soil_moisture_awc
combined_winter_barley,1988,30,70,1.0,0.0,-1.0,0,4,soil_moisture_awc
combined_winter_barley,1988,30,78,3.0,4.0,1.0,0,4,yield_change
combined_winter_barley,1988,31,63,3.0,0.0,-3.0,0,4,soil_moisture_awc
combined_winter_barley,1988,31,65,3.0,4.0,1.0,0,4,yield_change
combined_winter_barley,1988,31,66,4.0,0.0,-4.0,0,4,soil_moisture_awc
combined_winter_barley,1988,31,67,5.0,0.0,-5.0,0,4,soil_moisture_awc
combined_winter_barley,1988,31,68,3.0,0.0,-3.0,0,4,soil_moisture_awc
combined_winter_barley,1988,31,69,1.0,0.0,-1.0,0,4,soil_moisture_awc
combined_winter_barley,1988,31,70,1.0,0.0,-1.0,0,4,soil_moisture_awc
combined_winter_barley,1988,31,71,1.0,0.0,-1.0,0,4,soil_moisture_awc
combined_winter_barley,1988,31,77,2.0,0.0,-2.0,0,4,soil_moisture_awc
combined_winter_barley,1988,31,78,3.0,4.0,1.0,0,4,yield_change
combined_winter_barley,1988,32,70,1.0,0.0,-1.0,0,4,soil_moisture_awc
combined_winter_barley,1988,32,71,1.0,0.0,-1.0,0,4,soil_moisture_awc
combined_winter_barley,1988,32,78,2.0,0.0,-2.0,0,4,soil_moisture_awc
combined_winter_barley,1988,32,79,2.0,0.0,-2.0,0,4,soil_moisture_awc
combined_winter_barley,1988,33,63,3.0,0.0,-3.0,0,4,soil_moisture_awc
combined_winter_barley,1988,33,72,1.0,0.0,-1.0,0,4,soil_moisture_awc
combined_winter_barley,1988,33,73,1.0,0.0,-1.0,0,4,soil_moisture_awc
combined_winter_barley,1988,34,72,1.0,0.0,-1.0,0,4,soil_moisture_awc
combined_winter_barley,1989,23,41,3.0,0.0,-3.0,0,4,soil_moisture_awc
combined_winter_barley,1989,24,42,4.0,0.0,-4.0,0,4,soil_moisture_awc
combined_winter_barley,1989,24,43,4.0,0.0,-4.0,0,4,soil_moisture_awc
combined_winter_barley,1989,24,45,1.0,0.0,-1.0,0,3,soil_moisture_awc
combined_winter_barley,1989,25,63,1.0,0.0,-1.0,0,4,soil_moisture_awc
combined_winter_barley,1989,25,67,1.0,0.0,-1.0,0,3,soil_moisture_awc
combined_winter_barley,1989,26,43,2.0,0.0,-2.0,0,4,soil_moisture_awc
combined_winter_barley,1989,26,44,1.0,0.0,-1.0,0,3,soil_moisture_awc
combined_winter_barley,1989,26,47,1.0,0.0,-1.0,0,3,soil_moisture_awc
combined_winter_barley,1989,26,61,1.0,0.0,-1.0,0,4,soil_moisture_awc
combined_winter_barley,1989,26,62,1.0,0.0,-1.0,0,4,soil_moisture_awc
combined_winter_barley,1989,26,63,1.0,0.0,-1.0,0,4,soil_moisture_awc
combined_winter_barley,1989,26,64,1.0,0.0,-1.0,0,4,soil_moisture_awc
combined_winter_barley,1989,26,65,1.0,0.0,-1.0,0,4,soil_moisture_awc
combined_winter_barley,1989,26,66,1.0,0.0,-1.0,0,4,soil_moisture_awc
combined_winter_barley,1989,27,47,1.0,0.0,-1.0,0,4,soil_moisture_awc
combined_winter_barley,1989,27,63,1.0,0.0,-1.0,0,4,soil_moisture_awc
combined_winter_barley,1989,27,64,1.0,0.0,-1.0,0,4,soil_moisture_awc
combined_winter_barley,1989,27,65,1.0,0.0,-1.0,0,4,soil_moisture_awc
combined_winter_barley,1989,27,66,1.0,0.0,-1.0,0,4,soil_moisture_awc
combined_winter_barley,1989,27,67,1.0,0.0,-1.0,0,4,soil_moisture_awc
combined_winter_barley,1989,27,68,1.0,0.0,-1.0,0,4,soil_moisture_awc
combined_winter_barley,1989,27,69,1.0,0.0,-1.0,0,4,soil_moisture_awc
combined_winter_barley,1989,27,78,2.0,0.0,-2.0,0,4,soil_moisture_awc
combined_winter_barley,1989,28,59,3.0,4.0,1.0,0,4,yield_change
combined_winter_barley,1989,28,60,5.0,0.0,-5.0,0,4,soil_moisture_awc
combined_winter_barley,1989,28,61,5.0,0.0,-5.0,0,4,soil_moisture_awc
combined_winter_barley,1989,28,62,5.0,0.0,-5.0,0,4,soil_moisture_awc
combined_winter_barley,1989,28,63,5.0,0.0,-5.0,0,4,soil_moisture_awc
combined_winter_barley,1989,28,64,5.0,0.0,-5.0,0,4,soil_moisture_awc
combined_winter_barley,1989,28,65,1.0,0.0,-1.0,0,4,soil_moisture_awc
combined_winter_barley,1989,28,66,1.0,0.0,-1.0,0,4,soil_moisture_awc
combined_winter_barley,1989,28,67,1.0,0.0,-1.0,0,4,soil_moisture_awc
combined_winter_barley,1989,28,68,1.0,0.0,-1.0,0,4,soil_moisture_awc
combined_winter_barley,1989,28,83,3.0,4.0,1.0,0,4,yield_change
combined_winter_barley,1989,29,55,1.0,0.0,-1.0,0,3,soil_moisture_awc
combined_winter_barley,1989,29,60,1.0,0.0,-1.0,0,3,soil_moisture_awc
combined_winter_barley,1989,29,61,5.0,0.0,-5.0,0,4,soil_moisture_awc
combined_winter_barley,1989,29,62,5.0,0.0,-5.0,0,4,soil_moisture_awc
combined_winter_barley,1989,29,63,5.0,0.0,-5.0,0,4,soil_moisture_awc
combined_winter_barley,1989,29,64,5.0,0.0,-5.0,0,4,soil_moisture_awc
combined_winter_barley,1989,29,65,5.0,0.0,-5.0,0,4,soil_moisture_awc
combined_winter_barley,1989,29,66,5.0,0.0,-5.0,0,4,soil_moisture_awc
combined_winter_barley,1989,29,67,5.0,0.0,-5.0,0,4,soil_moisture_awc
combined_winter_barley,1989,29,68,1.0,0.0,-1.0,0,4,soil_moisture_awc
combined_winter_barley,1989,29,69,5.0,0.0,-5.0,0,4,soil_moisture_awc
combined_winter_barley,1989,29,70,3.0,0.0,-3.0,0,4,soil_moisture_awc
combined_winter_barley,1989,29,80,3.0,4.0,1.0,0,4,yield_change
combined_winter_barley,1989,30,55,1.0,2.0,1.0,0,4,yield_change
combined_winter_barley,1989,30,56,1.0,2.0,1.0,0,4,yield_change
combined_winter_barley,1989,30,62,3.0,0.0,-3.0,0,4,soil_moisture_awc
combined_winter_barley,1989,30,63,5.0,0.0,-5.0,0,4,soil_moisture_awc
combined_winter_barley,1989,30,64,5.0,0.0,-5.0,0,4,soil_moisture_awc
combined_winter_barley,1989,30,65,5.0,0.0,-5.0,0,4,soil_moisture_awc
combined_winter_barley,1989,30,66,5.0,0.0,-5.0,0,4,soil_moisture_awc
combined_winter_barley,1989,30,67,5.0,0.0,-5.0,0,4,soil_moisture_awc
combined_winter_barley,1989,30,68,5.0,0.0,-5.0,0,4,soil_moisture_awc
combined_winter_barley,1989,30,69,5.0,0.0,-5.0,0,4,soil_moisture_awc
combined_winter_barley,1989,30,70,5.0,0.0,-5.0,0,4,soil_moisture_awc
combined_winter_barley,1989,30,78,3.0,4.0,1.0,0,4,yield_change
combined_winter_barley,1989,31,57,1.0,2.0,1.0,0,4,yield_change
combined_winter_barley,1989,31,58,1.0,0.0,-1.0,0,4,soil_moisture_awc
combined_winter_barley,1989,31,62,1.0,0.0,-1.0,0,3,soil_moisture_awc
combined_winter_barley,1989,31,63,4.0,0.0,-4.0,0,4,soil_moisture_awc
combined_winter_barley,1989,31,64,5.0,0.0,-5.0,0,4,soil_moisture_awc
combined_winter_barley,1989,31,65,3.0,0.0,-3.0,0,4,soil_moisture_awc
combined_winter_barley,1989,31,66,4.0,0.0,-4.0,0,4,soil_moisture_awc
combined_winter_barley,1989,31,67,5.0,0.0,-5.0,0,4,soil_moisture_awc
combined_winter_barley,1989,31,68,3.0,0.0,-3.0,0,4,soil_moisture_awc
combined_winter_barley,1989,31,69,5.0,0.0,-5.0,0,4,soil_moisture_awc
combined_winter_barley,1989,31,70,5.0,0.0,-5.0,0,4,soil_moisture_awc
combined_winter_barley,1989,31,71,3.0,0.0,-3.0,0,4,soil_moisture_awc
combined_winter_barley,1989,31,78,3.0,4.0,1.0,0,4,yield_change
combined_winter_barley,1989,32,58,2.0,0.0,-2.0,0,4,soil_moisture_awc
combined_winter_barley,1989,32,59,1.0,2.0,1.0,0,4,yield_change
combined_winter_barley,1989,32,60,3.0,0.0,-3.0,0,4,soil_moisture_awc
combined_winter_barley,1989,32,65,1.0,0.0,-1.0,0,3,soil_moisture_awc
combined_winter_barley,1989,32,66,1.0,0.0,-1.0,0,4,soil_moisture_awc
combined_winter_barley,1989,32,67,1.0,0.0,-1.0,0,3,soil_moisture_awc
combined_winter_barley,1989,32,70,3.0,0.0,-3.0,0,4,soil_moisture_awc
combined_winter_barley,1989,32,71,3.0,0.0,-3.0,0,4,soil_moisture_awc
combined_winter_barley,1989,32,72,1.0,0.0,-1.0,0,4,soil_moisture_awc
combined_winter_barley,1989,32,79,3.0,4.0,1.0,0,4,yield_change
combined_winter_barley,1989,33,63,3.0,0.0,-3.0,0,4,soil_moisture_awc
combined_winter_barley,1989,33,64,1.0,0.0,-1.0,0,3,soil_moisture_awc
combined_winter_barley,1989,33,67,1.0,0.0,-1.0,0,3,soil_moisture_awc
combined_winter_barley,1989,33,69,1.0,0.0,-1.0,0,3,soil_moisture_awc
combined_winter_barley,1989,33,72,3.0,0.0,-3.0,0,4,soil_moisture_awc
combined_winter_barley,1989,33,73,3.0,0.0,-3.0,0,4,soil_moisture_awc
combined_winter_barley,1989,34,72,3.0,0.0,-3.0,0,4,soil_moisture_awc
combined_winter_barley,1989,34,74,1.0,0.0,-1.0,0,3,soil_moisture_awc
combined_winter_barley,1990,27,78,3.0,0.0,-3.0,0,4,soil_moisture_awc
combined_winter_barley,1990,27,79,4.0,5.0,1.0,0,4,yield_change
combined_winter_barley,1990,28,73,3.0,4.0,1.0,0,4,yield_change
combined_winter_barley,1990,28,81,4.0,5.0,1.0,0,4,yield_change
combined_winter_barley,1990,28,83,1.0,0.0,-1.0,0,4,soil_moisture_awc
combined_winter_barley,1990,28,84,1.0,0.0,-1.0,0,4,soil_moisture_awc
combined_winter_barley,1990,29,77,2.0,0.0,-2.0,0,4,soil_moisture_awc
combined_winter_barley,1990,29,78,3.0,0.0,-3.0,0,4,soil_moisture_awc
combined_winter_barley,1990,29,79,3.0,0.0,-3.0,0,4,soil_moisture_awc
combined_winter_barley,1990,29,80,4.0,0.0,-4.0,0,4,soil_moisture_awc
combined_winter_barley,1990,29,84,3.0,0.0,-3.0,0,4,soil_moisture_awc
combined_winter_barley,1990,30,75,2.0,0.0,-2.0,0,4,soil_moisture_awc
combined_winter_barley,1990,30,78,4.0,0.0,-4.0,0,4,soil_moisture_awc
combined_winter_barley,1990,30,84,3.0,0.0,-3.0,0,4,soil_moisture_awc
combined_winter_barley,1990,31,78,3.0,0.0,-3.0,0,4,soil_moisture_awc
combined_winter_barley,1991,25,62,4.0,0.0,-4.0,0,4,soil_moisture_awc
combined_winter_barley,1991,25,63,4.0,0.0,-4.0,0,4,soil_moisture_awc
combined_winter_barley,1991,25,64,4.0,0.0,-4.0,0,4,soil_moisture_awc
combined_winter_barley,1991,25,65,4.0,5.0,1.0,0,4,yield_change
combined_winter_barley,1991,25,66,5.0,0.0,-5.0,0,4,soil_moisture_awc
combined_winter_barley,1991,25,67,2.0,0.0,-2.0,0,4,soil_moisture_awc
combined_winter_barley,1991,26,63,5.0,0.0,-5.0,0,4,soil_moisture_awc
combined_winter_barley,1991,26,64,5.0,0.0,-5.0,0,4,soil_moisture_awc
combined_winter_barley,1991,26,65,5.0,0.0,-5.0,0,4,soil_moisture_awc
combined_winter_barley,1991,26,66,5.0,0.0,-5.0,0,4,soil_moisture_awc
combined_winter_barley,1991,26,67,5.0,0.0,-5.0,0,4,soil_moisture_awc
combined_winter_barley,1991,26,68,2.0,0.0,-2.0,0,4,soil_moisture_awc
combined_winter_barley,1991,26,79,2.0,0.0,-2.0,0,4,soil_moisture_awc
combined_winter_barley,1991,27,64,5.0,0.0,-5.0,0,4,soil_moisture_awc
combined_winter_barley,1991,27,65,5.0,0.0,-5.0,0,4,soil_moisture_awc
combined_winter_barley,1991,27,66,5.0,0.0,-5.0,0,4,soil_moisture_awc
combined_winter_barley,1991,27,67,5.0,0.0,-5.0,0,4,soil_moisture_awc
combined_winter_barley,1991,27,68,2.0,0.0,-2.0,0,4,soil_moisture_awc
combined_winter_barley,1991,27,69,1.0,0.0,-1.0,0,4,soil_moisture_awc
combined_winter_barley,1991,27,73,3.0,0.0,-3.0,0,4,soil_moisture_awc
combined_winter_barley,1991,27,78,1.0,0.0,-1.0,0,4,soil_moisture_awc
combined_winter_barley,1991,27,79,2.0,3.0,1.0,0,4,yield_change
combined_winter_barley,1991,27,82,3.0,0.0,-3.0,0,4,soil_moisture_awc
combined_winter_barley,1991,28,64,5.0,0.0,-5.0,0,4,soil_moisture_awc
combined_winter_barley,1991,28,65,5.0,0.0,-5.0,0,4,soil_moisture_awc
combined_winter_barley,1991,28,66,5.0,0.0,-5.0,0,4,soil_moisture_awc
combined_winter_barley,1991,28,67,5.0,0.0,-5.0,0,4,soil_moisture_awc
combined_winter_barley,1991,28,68,5.0,0.0,-5.0,0,4,soil_moisture_awc
combined_winter_barley,1991,28,69,2.0,0.0,-2.0,0,4,soil_moisture_awc
combined_winter_barley,1991,28,70,1.0,0.0,-1.0,0,4,soil_moisture_awc
combined_winter_barley,1991,28,72,2.0,0.0,-2.0,0,4,soil_moisture_awc
combined_winter_barley,1991,28,81,2.0,0.0,-2.0,0,4,soil_moisture_awc
combined_winter_barley,1991,28,83,3.0,0.0,-3.0,0,4,soil_moisture_awc
combined_winter_barley,1991,28,84,1.0,0.0,-1.0,0,4,soil_moisture_awc
combined_winter_barley,1991,29,65,5.0,0.0,-5.0,0,4,soil_moisture_awc
combined_winter_barley,1991,29,66,5.0,0.0,-5.0,0,4,soil_moisture_awc
combined_winter_barley,1991,29,67,5.0,0.0,-5.0,0,4,soil_moisture_awc
combined_winter_barley,1991,29,68,5.0,0.0,-5.0,0,4,soil_moisture_awc
combined_winter_barley,1991,29,69,5.0,0.0,-5.0,0,4,soil_moisture_awc
combined_winter_barley,1991,29,70,2.0,0.0,-2.0,0,4,soil_moisture_awc
combined_winter_barley,1991,29,71,2.0,0.0,-2.0,0,4,soil_moisture_awc
combined_winter_barley,1991,29,77,1.0,0.0,-1.0,0,4,soil_moisture_awc
combined_winter_barley,1991,29,78,2.0,0.0,-2.0,0,4,soil_moisture_awc
combined_winter_barley,1991,29,79,2.0,0.0,-2.0,0,4,soil_moisture_awc
combined_winter_barley,1991,30,65,5.0,0.0,-5.0,0,4,soil_moisture_awc
combined_winter_barley,1991,30,66,5.0,0.0,-5.0,0,4,soil_moisture_awc
combined_winter_barley,1991,30,67,5.0,0.0,-5.0,0,4,soil_moisture_awc
combined_winter_barley,1991,30,68,5.0,0.0,-5.0,0,4,soil_moisture_awc
combined_winter_barley,1991,30,69,5.0,0.0,-5.0,0,4,soil_moisture_awc
combined_winter_barley,1991,30,70,5.0,0.0,-5.0,0,4,soil_moisture_awc
combined_winter_barley,1991,30,71,2.0,0.0,-2.0,0,4,soil_moisture_awc
combined_winter_barley,1991,30,75,1.0,0.0,-1.0,0,4,soil_moisture_awc
combined_winter_barley,1991,31,65,2.0,0.0,-2.0,0,4,soil_moisture_awc
combined_winter_barley,1991,31,66,3.0,0.0,-3.0,0,4,soil_moisture_awc
combined_winter_barley,1991,31,67,4.0,0.0,-4.0,0,4,soil_moisture_awc
combined_winter_barley,1991,31,68,3.0,0.0,-3.0,0,4,soil_moisture_awc
combined_winter_barley,1991,31,69,5.0,0.0,-5.0,0,4,soil_moisture_awc
combined_winter_barley,1991,31,70,5.0,0.0,-5.0,0,4,soil_moisture_awc
combined_winter_barley,1991,31,71,2.0,0.0,-2.0,0,4,soil_moisture_awc
combined_winter_barley,1991,31,72,3.0,0.0,-3.0,0,4,soil_moisture_awc
combined_winter_barley,1991,32,70,3.0,0.0,-3.0,0,4,soil_moisture_awc
combined_winter_barley,1991,32,71,3.0,0.0,-3.0,0,4,soil_moisture_awc
combined_winter_barley,1991,32,72,2.0,0.0,-2.0,0,4,soil_moisture_awc
combined_winter_barley,1992,25,55,1.0,0.0,-1.0,0,3,soil_moisture_awc
combined_winter_barley,1992,25,56,1.0,0.0,-1.0,0,3,soil_moisture_awc
combined_winter_barley,1992,25,63,5.0,0.0,-5.0,0,4,soil_moisture_awc
combined_winter_barley,1992,26,57,1.0,0.0,-1.0,0,3,soil_moisture_awc
combined_winter_barley,1992,26,58,1.0,0.0,-1.0,0,4,soil_moisture_awc
combined_winter_barley,1992,26,59,1.0,0.0,-1.0,0,4,soil_moisture_awc
combined_winter_barley,1992,26,60,1.0,0.0,-1.0,0,4,soil_moisture_awc
combined_winter_barley,1992,26,61,5.0,0.0,-5.0,0,4,soil_moisture_awc
combined_winter_barley,1992,26,62,5.0,0.0,-5.0,0,4,soil_moisture_awc
combined_winter_barley,1992,26,63,5.0,0.0,-5.0,0,4,soil_moisture_awc
combined_winter_barley,1992,26,64,5.0,0.0,-5.0,0,4,soil_moisture_awc
combined_winter_barley,1992,26,65,5.0,0.0,-5.0,0,4,soil_moisture_awc
combined_winter_barley,1992,26,66,1.0,0.0,-1.0,0,4,soil_moisture_awc
combined_winter_barley,1992,27,59,1.0,0.0,-1.0,0,4,soil_moisture_awc
combined_winter_barley,1992,27,60,1.0,0.0,-1.0,0,4,soil_moisture_awc
combined_winter_barley,1992,27,62,5.0,0.0,-5.0,0,4,soil_moisture_awc
combined_winter_barley,1992,27,63,5.0,0.0,-5.0,0,4,soil_moisture_awc
combined_winter_barley,1992,27,64,5.0,0.0,-5.0,0,4,soil_moisture_awc
combined_winter_barley,1992,27,65,5.0,0.0,-5.0,0,4,soil_moisture_awc
combined_winter_barley,1992,27,66,5.0,0.0,-5.0,0,4,soil_moisture_awc
combined_winter_barley,1992,27,67,1.0,0.0,-1.0,0,4,soil_moisture_awc
combined_winter_barley,1992,27,68,1.0,0.0,-1.0,0,4,soil_moisture_awc
combined_winter_barley,1992,27,69,1.0,0.0,-1.0,0,4,soil_moisture_awc
combined_winter_barley,1992,27,78,2.0,0.0,-2.0,0,4,soil_moisture_awc
combined_winter_barley,1992,27,79,4.0,5.0,1.0,0,4,yield_change
combined_winter_barley,1992,27,82,4.0,5.0,1.0,0,4,yield_change
combined_winter_barley,1992,28,59,0.0,1.0,1.0,0,4,yield_change
combined_winter_barley,1992,28,63,5.0,0.0,-5.0,0,4,soil_moisture_awc
combined_winter_barley,1992,28,64,5.0,0.0,-5.0,0,4,soil_moisture_awc
combined_winter_barley,1992,28,65,5.0,0.0,-5.0,0,4,soil_moisture_awc
combined_winter_barley,1992,28,66,5.0,0.0,-5.0,0,4,soil_moisture_awc
combined_winter_barley,1992,28,67,5.0,0.0,-5.0,0,4,soil_moisture_awc
combined_winter_barley,1992,28,68,5.0,0.0,-5.0,0,4,soil_moisture_awc
combined_winter_barley,1992,28,81,4.0,5.0,1.0,0,4,yield_change
combined_winter_barley,1992,28,83,4.0,5.0,1.0,0,4,yield_change
combined_winter_barley,1992,29,64,5.0,0.0,-5.0,0,4,soil_moisture_awc
combined_winter_barley,1992,29,65,5.0,0.0,-5.0,0,4,soil_moisture_awc
combined_winter_barley,1992,29,66,5.0,0.0,-5.0,0,4,soil_moisture_awc
combined_winter_barley,1992,29,67,5.0,0.0,-5.0,0,4,soil_moisture_awc
combined_winter_barley,1992,29,68,5.0,0.0,-5.0,0,4,soil_moisture_awc
combined_winter_barley,1992,29,69,5.0,0.0,-5.0,0,4,soil_moisture_awc
combined_winter_barley,1992,29,70,1.0,0.0,-1.0,0,4,soil_moisture_awc
combined_winter_barley,1992,29,78,3.0,4.0,1.0,0,4,yield_change
combined_winter_barley,1992,29,79,3.0,4.0,1.0,0,4,yield_change
combined_winter_barley,1992,29,80,4.0,5.0,1.0,0,4,yield_change
combined_winter_barley,1992,29,84,4.0,5.0,1.0,0,4,yield_change
combined_winter_barley,1992,30,64,5.0,0.0,-5.0,0,4,soil_moisture_awc
combined_winter_barley,1992,30,65,4.0,0.0,-4.0,0,4,soil_moisture_awc
combined_winter_barley,1992,30,66,4.0,0.0,-4.0,0,4,soil_moisture_awc
combined_winter_barley,1992,30,67,5.0,0.0,-5.0,0,4,soil_moisture_awc
combined_winter_barley,1992,30,68,5.0,0.0,-5.0,0,4,soil_moisture_awc
combined_winter_barley,1992,30,69,5.0,0.0,-5.0,0,4,soil_moisture_awc
combined_winter_barley,1992,30,70,5.0,0.0,-5.0,0,4,soil_moisture_awc
combined_winter_barley,1992,30,75,2.0,3.0,1.0,0,4,yield_change
combined_winter_barley,1992,30,78,3.0,5.0,2.0,0,4,yield_change
combined_winter_barley,1992,30,84,3.0,4.0,1.0,0,4,yield_change
combined_winter_barley,1992,31,65,3.0,0.0,-3.0,0,4,soil_moisture_awc
combined_winter_barley,1992,31,66,4.0,0.0,-4.0,0,4,soil_moisture_awc
combined_winter_barley,1992,31,67,4.0,5.0,1.0,0,4,yield_change
combined_winter_barley,1992,31,68,3.0,0.0,-3.0,0,4,soil_moisture_awc
combined_winter_barley,1992,31,69,4.0,0.0,-4.0,0,4,soil_moisture_awc
combined_winter_barley,1992,31,70,4.0,0.0,-4.0,0,4,soil_moisture_awc
combined_winter_barley,1992,31,71,3.0,4.0,1.0,0,4,yield_change
combined_winter_barley,1992,31,77,3.0,4.0,1.0,0,4,yield_change
combined_winter_barley,1992,31,78,3.0,5.0,2.0,0,4,yield_change
combined_winter_barley,1992,32,70,3.0,4.0,1.0,0,4,yield_change
combined_winter_barley,1992,32,71,3.0,4.0,1.0,0,4,yield_change
combined_winter_barley,1992,32,78,2.0,0.0,-2.0,0,4,soil_moisture_awc
combined_winter_barley,1992,32,79,3.0,0.0,-3.0,0,4,soil_moisture_awc
combined_winter_barley,1992,33,72,1.0,0.0,-1.0,0,4,soil_moisture_awc
combined_winter_barley,1992,33,73,1.0,0.0,-1.0,0,4,soil_moisture_awc
combined_winter_barley,1992,34,72,3.0,0.0,-3.0,0,4,soil_moisture_awc
combined_winter_barley,1993,25,55,1.0,0.0,-1.0,0,3,soil_moisture_awc
combined_winter_barley,1993,25,56,1.0,0.0,-1.0,0,3,soil_moisture_awc
combined_winter_barley,1993,25,62,1.0,0.0,-1.0,0,4,soil_moisture_awc
combined_winter_barley,1993,25,63,1.0,0.0,-1.0,0,4,soil_moisture_awc
combined_winter_barley,1993,25,64,1.0,0.0,-1.0,0,4,soil_moisture_awc
combined_winter_barley,1993,25,66,1.0,0.0,-1.0,0,4,soil_moisture_awc
combined_winter_barley,1993,25,67,1.0,0.0,-1.0,0,3,soil_moisture_awc
combined_winter_barley,1993,26,57,1.0,0.0,-1.0,0,3,soil_moisture_awc
combined_winter_barley,1993,26,58,1.0,0.0,-1.0,0,4,soil_moisture_awc
combined_winter_barley,1993,26,59,1.0,0.0,-1.0,0,4,soil_moisture_awc
combined_winter_barley,1993,26,60,1.0,0.0,-1.0,0,4,soil_moisture_awc
combined_winter_barley,1993,26,61,1.0,0.0,-1.0,0,4,soil_moisture_awc
combined_winter_barley,1993,26,62,1.0,0.0,-1.0,0,4,soil_moisture_awc
combined_winter_barley,1993,26,63,1.0,0.0,-1.0,0,4,soil_moisture_awc
combined_winter_barley,1993,26,64,1.0,0.0,-1.0,0,4,soil_moisture_awc
combined_winter_barley,1993,26,65,1.0,0.0,-1.0,0,4,soil_moisture_awc
combined_winter_barley,1993,26,66,1.0,0.0,-1.0,0,4,soil_moisture_awc
combined_winter_barley,1993,26,67,1.0,0.0,-1.0,0,4,soil_moisture_awc
combined_winter_barley,1993,27,59,1.0,0.0,-1.0,0,4,soil_moisture_awc
combined_winter_barley,1993,27,60,1.0,0.0,-1.0,0,4,soil_moisture_awc
combined_winter_barley,1993,27,62,1.0,0.0,-1.0,0,4,soil_moisture_awc
combined_winter_barley,1993,27,63,1.0,0.0,-1.0,0,4,soil_moisture_awc
combined_winter_barley,1993,27,64,1.0,0.0,-1.0,0,4,soil_moisture_awc
combined_winter_barley,1993,27,65,1.0,0.0,-1.0,0,4,soil_moisture_awc
combined_winter_barley,1993,27,66,1.0,0.0,-1.0,0,4,soil_moisture_awc
combined_winter_barley,1993,27,67,1.0,0.0,-1.0,0,4,soil_moisture_awc
combined_winter_barley,1993,27,68,1.0,0.0,-1.0,0,4,soil_moisture_awc
combined_winter_barley,1993,27,69,1.0,0.0,-1.0,0,4,soil_moisture_awc
combined_winter_barley,1993,27,78,3.0,0.0,-3.0,0,4,soil_moisture_awc
combined_winter_barley,1993,28,60,1.0,0.0,-1.0,0,4,soil_moisture_awc
combined_winter_barley,1993,28,61,1.0,0.0,-1.0,0,4,soil_moisture_awc
combined_winter_barley,1993,28,62,1.0,0.0,-1.0,0,4,soil_moisture_awc
combined_winter_barley,1993,28,63,1.0,0.0,-1.0,0,4,soil_moisture_awc
combined_winter_barley,1993,28,64,1.0,0.0,-1.0,0,4,soil_moisture_awc
combined_winter_barley,1993,28,65,1.0,0.0,-1.0,0,4,soil_moisture_awc
combined_winter_barley,1993,28,66,1.0,0.0,-1.0,0,4,soil_moisture_awc
combined_winter_barley,1993,28,67,1.0,0.0,-1.0,0,4,soil_moisture_awc
combined_winter_barley,1993,28,68,1.0,0.0,-1.0,0,4,soil_moisture_awc
combined_winter_barley,1993,29,61,1.0,0.0,-1.0,0,4,soil_moisture_awc
combined_winter_barley,1993,29,62,1.0,0.0,-1.0,0,4,soil_moisture_awc
combined_winter_barley,1993,29,63,1.0,0.0,-1.0,0,4,soil_moisture_awc
combined_winter_barley,1993,29,64,1.0,0.0,-1.0,0,4,soil_moisture_awc
combined_winter_barley,1993,29,65,1.0,0.0,-1.0,0,4,soil_moisture_awc
combined_winter_barley,1993,29,66,1.0,0.0,-1.0,0,4,soil_moisture_awc
combined_winter_barley,1993,29,67,1.0,0.0,-1.0,0,4,soil_moisture_awc
combined_winter_barley,1993,29,68,1.0,0.0,-1.0,0,4,soil_moisture_awc
combined_winter_barley,1993,29,69,1.0,0.0,-1.0,0,4,soil_moisture_awc
combined_winter_barley,1993,29,70,1.0,0.0,-1.0,0,4,soil_moisture_awc
combined_winter_barley,1993,30,62,1.0,0.0,-1.0,0,4,soil_moisture_awc
combined_winter_barley,1993,30,63,1.0,0.0,-1.0,0,4,soil_moisture_awc
combined_winter_barley,1993,30,64,1.0,0.0,-1.0,0,4,soil_moisture_awc
combined_winter_barley,1993,30,65,1.0,0.0,-1.0,0,4,soil_moisture_awc
combined_winter_barley,1993,30,66,1.0,0.0,-1.0,0,4,soil_moisture_awc
combined_winter_barley,1993,30,67,1.0,0.0,-1.0,0,4,soil_moisture_awc
combined_winter_barley,1993,30,68,1.0,0.0,-1.0,0,4,soil_moisture_awc
combined_winter_barley,1993,30,69,1.0,0.0,-1.0,0,4,soil_moisture_awc
combined_winter_barley,1993,30,70,1.0,0.0,-1.0,0,4,soil_moisture_awc
combined_winter_barley,1993,30,75,2.0,3.0,1.0,0,4,yield_change
combined_winter_barley,1993,30,78,4.0,5.0,1.0,0,4,yield_change
combined_winter_barley,1993,31,63,1.0,0.0,-1.0,0,4,soil_moisture_awc
combined_winter_barley,1993,31,64,1.0,0.0,-1.0,0,4,soil_moisture_awc
combined_winter_barley,1993,31,65,1.0,0.0,-1.0,0,4,soil_moisture_awc
combined_winter_barley,1993,31,66,1.0,0.0,-1.0,0,4,soil_moisture_awc
combined_winter_barley,1993,31,68,1.0,0.0,-1.0,0,4,soil_moisture_awc
combined_winter_barley,1993,31,69,1.0,0.0,-1.0,0,4,soil_moisture_awc
combined_winter_barley,1993,31,70,1.0,0.0,-1.0,0,4,soil_moisture_awc
combined_winter_barley,1993,32,66,1.0,0.0,-1.0,0,4,soil_moisture_awc
combined_winter_barley,1993,32,71,1.0,0.0,-1.0,0,4,soil_moisture_awc
combined_winter_barley,1993,32,79,4.0,5.0,1.0,0,4,yield_change
combined_winter_barley,1993,33,63,1.0,0.0,-1.0,0,4,soil_moisture_awc
combined_winter_barley,1994,23,79,1.0,0.0,-1.0,0,3,soil_moisture_awc
combined_winter_barley,1994,25,54,1.0,0.0,-1.0,0,3,soil_moisture_awc
combined_winter_barley,1994,25,55,4.0,0.0,-4.0,0,4,soil_moisture_awc
combined_winter_barley,1994,25,56,1.0,0.0,-1.0,0,4,soil_moisture_awc
combined_winter_barley,1994,25,58,1.0,0.0,-1.0,0,3,soil_moisture_awc
combined_winter_barley,1994,25,62,1.0,0.0,-1.0,0,4,soil_moisture_awc
combined_winter_barley,1994,25,63,1.0,0.0,-1.0,0,4,soil_moisture_awc
combined_winter_barley,1994,25,64,1.0,0.0,-1.0,0,4,soil_moisture_awc
combined_winter_barley,1994,25,65,1.0,0.0,-1.0,0,4,soil_moisture_awc
combined_winter_barley,1994,25,66,1.0,0.0,-1.0,0,4,soil_moisture_awc
combined_winter_barley,1994,25,67,1.0,0.0,-1.0,0,4,soil_moisture_awc
combined_winter_barley,1994,26,57,1.0,0.0,-1.0,0,4,soil_moisture_awc
combined_winter_barley,1994,26,58,4.0,0.0,-4.0,0,4,soil_moisture_awc
combined_winter_barley,1994,26,59,4.0,0.0,-4.0,0,4,soil_moisture_awc
combined_winter_barley,1994,26,60,1.0,0.0,-1.0,0,4,soil_moisture_awc
combined_winter_barley,1994,26,61,1.0,0.0,-1.0,0,4,soil_moisture_awc
combined_winter_barley,1994,26,62,1.0,0.0,-1.0,0,4,soil_moisture_awc
combined_winter_barley,1994,26,63,1.0,0.0,-1.0,0,4,soil_moisture_awc
combined_winter_barley,1994,26,64,1.0,0.0,-1.0,0,4,soil_moisture_awc
combined_winter_barley,1994,26,65,1.0,0.0,-1.0,0,4,soil_moisture_awc
combined_winter_barley,1994,26,66,1.0,0.0,-1.0,0,4,soil_moisture_awc
combined_winter_barley,1994,26,67,1.0,0.0,-1.0,0,4,soil_moisture_awc
combined_winter_barley,1994,26,68,1.0,0.0,-1.0,0,4,soil_moisture_awc
combined_winter_barley,1994,27,62,1.0,0.0,-1.0,0,4,soil_moisture_awc
combined_winter_barley,1994,27,63,1.0,0.0,-1.0,0,4,soil_moisture_awc
combined_winter_barley,1994,27,64,1.0,0.0,-1.0,0,4,soil_moisture_awc
combined_winter_barley,1994,27,65,1.0,0.0,-1.0,0,4,soil_moisture_awc
combined_winter_barley,1994,27,66,1.0,0.0,-1.0,0,4,soil_moisture_awc
combined_winter_barley,1994,27,67,1.0,0.0,-1.0,0,4,soil_moisture_awc
combined_winter_barley,1994,27,68,1.0,0.0,-1.0,0,4,soil_moisture_awc
combined_winter_barley,1994,27,69,1.0,0.0,-1.0,0,4,soil_moisture_awc
combined_winter_barley,1994,27,71,0.0,1.0,1.0,0,3,yield_change
combined_winter_barley,1994,27,78,2.0,0.0,-2.0,0,4,soil_moisture_awc
combined_winter_barley,1994,27,79,3.0,5.0,2.0,0,4,yield_change
combined_winter_barley,1994,27,80,4.0,5.0,1.0,0,4,yield_change
combined_winter_barley,1994,27,82,4.0,5.0,1.0,0,4,yield_change
combined_winter_barley,1994,28,64,1.0,0.0,-1.0,0,4,soil_moisture_awc
combined_winter_barley,1994,28,65,1.0,0.0,-1.0,0,4,soil_moisture_awc
combined_winter_barley,1994,28,66,1.0,0.0,-1.0,0,4,soil_moisture_awc
combined_winter_barley,1994,28,67,1.0,0.0,-1.0,0,4,soil_moisture_awc
combined_winter_barley,1994,28,68,1.0,0.0,-1.0,0,4,soil_moisture_awc
combined_winter_barley,1994,28,69,1.0,0.0,-1.0,0,4,soil_moisture_awc
combined_winter_barley,1994,28,73,3.0,4.0,1.0,0,4,yield_change
combined_winter_barley,1994,28,81,3.0,5.0,2.0,0,4,yield_change
combined_winter_barley,1994,28,83,4.0,0.0,-4.0,0,4,soil_moisture_awc
combined_winter_barley,1994,28,84,2.0,0.0,-2.0,0,4,soil_moisture_awc
combined_winter_barley,1994,29,65,1.0,0.0,-1.0,0,4,soil_moisture_awc
combined_winter_barley,1994,29,66,1.0,0.0,-1.0,0,4,soil_moisture_awc
combined_winter_barley,1994,29,67,1.0,0.0,-1.0,0,4,soil_moisture_awc
combined_winter_barley,1994,29,68,1.0,0.0,-1.0,0,4,soil_moisture_awc
combined_winter_barley,1994,29,69,1.0,0.0,-1.0,0,4,soil_moisture_awc
combined_winter_barley,1994,29,70,1.0,0.0,-1.0,0,4,soil_moisture_awc
combined_winter_barley,1994,29,71,1.0,0.0,-1.0,0,4,soil_moisture_awc
combined_winter_barley,1994,29,72,1.0,0.0,-1.0,0,4,soil_moisture_awc
combined_winter_barley,1994,29,77,2.0,3.0,1.0,0,4,yield_change
combined_winter_barley,1994,29,78,3.0,4.0,1.0,0,4,yield_change
combined_winter_barley,1994,29,79,3.0,0.0,-3.0,0,4,soil_moisture_awc
combined_winter_barley,1994,29,80,3.0,4.0,1.0,0,4,yield_change
combined_winter_barley,1994,29,84,3.0,4.0,1.0,0,4,yield_change
combined_winter_barley,1994,30,65,1.0,0.0,-1.0,0,4,soil_moisture_awc
combined_winter_barley,1994,30,66,1.0,0.0,-1.0,0,4,soil_moisture_awc
combined_winter_barley,1994,30,67,1.0,0.0,-1.0,0,4,soil_moisture_awc
combined_winter_barley,1994,30,68,5.0,0.0,-5.0,0,4,soil_moisture_awc
combined_winter_barley,1994,30,69,5.0,0.0,-5.0,0,4,soil_moisture_awc
combined_winter_barley,1994,30,70,5.0,0.0,-5.0,0,4,soil_moisture_awc
combined_winter_barley,1994,30,71,1.0,0.0,-1.0,0,4,soil_moisture_awc
combined_winter_barley,1994,30,75,2.0,3.0,1.0,0,4,yield_change
combined_winter_barley,1994,30,78,3.0,5.0,2.0,0,4,yield_change
combined_winter_barley,1994,30,84,0.0,4.0,4.0,0,4,yield_change
combined_winter_barley,1994,31,65,3.0,0.0,-3.0,0,4,soil_moisture_awc
combined_winter_barley,1994,31,66,4.0,0.0,-4.0,0,4,soil_moisture_awc
combined_winter_barley,1994,31,67,1.0,0.0,-1.0,0,4,soil_moisture_awc
combined_winter_barley,1994,31,68,3.0,0.0,-3.0,0,4,soil_moisture_awc
combined_winter_barley,1994,31,69,5.0,0.0,-5.0,0,4,soil_moisture_awc
combined_winter_barley,1994,31,70,5.0,0.0,-5.0,0,4,soil_moisture_awc
combined_winter_barley,1994,31,71,3.0,0.0,-3.0,0,4,soil_moisture_awc
combined_winter_barley,1994,31,72,1.0,0.0,-1.0,0,4,soil_moisture_awc
combined_winter_barley,1994,31,77,3.0,0.0,-3.0,0,4,soil_moisture_awc
combined_winter_barley,1994,31,78,3.0,0.0,-3.0,0,4,soil_moisture_awc
combined_winter_barley,1994,32,70,4.0,0.0,-4.0,0,4,soil_moisture_awc
combined_winter_barley,1994,32,71,3.0,0.0,-3.0,0,4,soil_moisture_awc
combined_winter_barley,1994,32,72,3.0,0.0,-3.0,0,4,soil_moisture_awc
combined_winter_barley,1994,32,78,2.0,0.0,-2.0,0,4,soil_moisture_awc
combined_winter_barley,1994,33,72,3.0,0.0,-3.0,0,4,soil_moisture_awc
combined_winter_barley,1995,23,78,2.0,1.0,-1.0,0,3,yield_change
combined_winter_barley,1995,26,79,1.0,0.0,-1.0,0,3,soil_moisture_awc
combined_winter_barley,1995,27,72,4.0,5.0,1.0,0,3,yield_change
combined_winter_barley,1995,27,73,1.0,0.0,-1.0,0,3,soil_moisture_awc
combined_winter_barley,1995,27,78,3.0,0.0,-3.0,0,4,soil_moisture_awc
combined_winter_barley,1995,27,79,4.0,5.0,1.0,0,4,yield_change
combined_winter_barley,1995,27,80,5.0,0.0,-5.0,0,4,soil_moisture_awc
combined_winter_barley,1995,27,82,1.0,0.0,-1.0,0,4,soil_moisture_awc
combined_winter_barley,1995,28,72,4.0,0.0,-4.0,0,3,soil_moisture_awc
combined_winter_barley,1995,28,73,4.0,5.0,1.0,0,4,yield_change
combined_winter_barley,1995,28,81,4.0,0.0,-4.0,0,4,soil_moisture_awc
combined_winter_barley,1995,28,83,1.0,0.0,-1.0,0,4,soil_moisture_awc
combined_winter_barley,1995,28,84,1.0,0.0,-1.0,0,4,soil_moisture_awc
combined_winter_barley,1995,29,77,2.0,0.0,-2.0,0,4,soil_moisture_awc
combined_winter_barley,1995,29,78,3.0,0.0,-3.0,0,4,soil_moisture_awc
combined_winter_barley,1995,30,78,3.0,0.0,-3.0,0,4,soil_moisture_awc
combined_winter_barley,1996,25,55,1.0,0.0,-1.0,0,3,soil_moisture_awc
combined_winter_barley,1996,25,56,1.0,0.0,-1.0,0,3,soil_moisture_awc
combined_winter_barley,1996,25,63,1.0,0.0,-1.0,0,4,soil_moisture_awc
combined_winter_barley,1996,25,67,1.0,0.0,-1.0,0,4,soil_moisture_awc
combined_winter_barley,1996,26,57,1.0,0.0,-1.0,0,4,soil_moisture_awc
combined_winter_barley,1996,26,61,1.0,0.0,-1.0,0,4,soil_moisture_awc
combined_winter_barley,1996,26,62,1.0,0.0,-1.0,0,4,soil_moisture_awc
combined_winter_barley,1996,26,63,1.0,0.0,-1.0,0,4,soil_moisture_awc
combined_winter_barley,1996,26,64,1.0,0.0,-1.0,0,4,soil_moisture_awc
combined_winter_barley,1996,26,65,1.0,0.0,-1.0,0,4,soil_moisture_awc
combined_winter_barley,1996,26,66,1.0,0.0,-1.0,0,4,soil_moisture_awc
combined_winter_barley,1996,27,61,1.0,0.0,-1.0,0,4,soil_moisture_awc
combined_winter_barley,1996,27,63,1.0,0.0,-1.0,0,4,soil_moisture_awc
combined_winter_barley,1996,27,64,1.0,0.0,-1.0,0,4,soil_moisture_awc
combined_winter_barley,1996,27,65,1.0,0.0,-1.0,0,4,soil_moisture_awc
combined_winter_barley,1996,27,66,1.0,0.0,-1.0,0,4,soil_moisture_awc
combined_winter_barley,1996,27,67,1.0,0.0,-1.0,0,4,soil_moisture_awc
combined_winter_barley,1996,27,68,1.0,0.0,-1.0,0,4,soil_moisture_awc
combined_winter_barley,1996,27,69,1.0,0.0,-1.0,0,4,soil_moisture_awc
combined_winter_barley,1996,27,78,1.0,0.0,-1.0,0,4,soil_moisture_awc
combined_winter_barley,1996,28,60,1.0,0.0,-1.0,0,4,soil_moisture_awc
combined_winter_barley,1996,28,61,1.0,0.0,-1.0,0,4,soil_moisture_awc
combined_winter_barley,1996,28,62,1.0,0.0,-1.0,0,4,soil_moisture_awc
combined_winter_barley,1996,28,63,1.0,0.0,-1.0,0,4,soil_moisture_awc
combined_winter_barley,1996,28,64,1.0,0.0,-1.0,0,4,soil_moisture_awc
combined_winter_barley,1996,28,65,1.0,0.0,-1.0,0,4,soil_moisture_awc
combined_winter_barley,1996,28,66,1.0,0.0,-1.0,0,4,soil_moisture_awc
combined_winter_barley,1996,28,67,1.0,0.0,-1.0,0,4,soil_moisture_awc
combined_winter_barley,1996,28,68,1.0,0.0,-1.0,0,4,soil_moisture_awc
combined_winter_barley,1996,29,60,1.0,0.0,-1.0,0,4,soil_moisture_awc
combined_winter_barley,1996,29,61,1.0,0.0,-1.0,0,4,soil_moisture_awc
combined_winter_barley,1996,29,62,1.0,0.0,-1.0,0,4,soil_moisture_awc
combined_winter_barley,1996,29,63,1.0,0.0,-1.0,0,4,soil_moisture_awc
combined_winter_barley,1996,29,64,1.0,0.0,-1.0,0,4,soil_moisture_awc
combined_winter_barley,1996,29,65,1.0,0.0,-1.0,0,4,soil_moisture_awc
combined_winter_barley,1996,29,66,1.0,0.0,-1.0,0,4,soil_moisture_awc
combined_winter_barley,1996,29,67,1.0,0.0,-1.0,0,4,soil_moisture_awc
combined_winter_barley,1996,29,68,1.0,0.0,-1.0,0,4,soil_moisture_awc
combined_winter_barley,1996,29,69,1.0,0.0,-1.0,0,4,soil_moisture_awc
combined_winter_barley,1996,29,70,1.0,0.0,-1.0,0,4,soil_moisture_awc
combined_winter_barley,1996,29,72,1.0,0.0,-1.0,0,3,soil_moisture_awc
combined_winter_barley,1996,30,63,1.0,0.0,-1.0,0,4,soil_moisture_awc
combined_winter_barley,1996,30,64,1.0,0.0,-1.0,0,4,soil_moisture_awc
combined_winter_barley,1996,30,65,1.0,0.0,-1.0,0,4,soil_moisture_awc
combined_winter_barley,1996,30,66,1.0,0.0,-1.0,0,4,soil_moisture_awc
combined_winter_barley,1996,30,67,1.0,0.0,-1.0,0,4,soil_moisture_awc
combined_winter_barley,1996,30,68,1.0,0.0,-1.0,0,4,soil_moisture_awc
combined_winter_barley,1996,30,69,1.0,0.0,-1.0,0,4,soil_moisture_awc
combined_winter_barley,1996,30,70,1.0,0.0,-1.0,0,4,soil_moisture_awc
combined_winter_barley,1996,31,68,1.0,0.0,-1.0,0,4,soil_moisture_awc
combined_winter_barley,1996,31,69,1.0,0.0,-1.0,0,4,soil_moisture_awc
combined_winter_barley,1996,31,70,1.0,0.0,-1.0,0,4,soil_moisture_awc
combined_winter_barley,1996,32,59,1.0,0.0,-1.0,0,4,soil_moisture_awc
combined_winter_barley,1996,32,60,1.0,0.0,-1.0,0,4,soil_moisture_awc
combined_winter_barley,1996,32,66,1.0,0.0,-1.0,0,4,soil_moisture_awc
combined_winter_barley,1996,32,71,1.0,0.0,-1.0,0,4,soil_moisture_awc
combined_winter_barley,1996,32,72,1.0,0.0,-1.0,0,4,soil_moisture_awc
combined_winter_barley,1996,32,78,3.0,0.0,-3.0,0,4,soil_moisture_awc
combined_winter_barley,1996,32,79,1.0,0.0,-1.0,0,4,soil_moisture_awc
combined_winter_barley,1996,33,63,1.0,0.0,-1.0,0,4,soil_moisture_awc
combined_winter_barley,1996,33,72,1.0,0.0,-1.0,0,4,soil_moisture_awc
combined_winter_barley,1996,33,73,1.0,0.0,-1.0,0,4,soil_moisture_awc
combined_winter_barley,1996,34,72,1.0,0.0,-1.0,0,4,soil_moisture_awc
combined_winter_barley,1997,26,60,4.0,0.0,-4.0,0,4,soil_moisture_awc
combined_winter_barley,1997,26,61,4.0,0.0,-4.0,0,4,soil_moisture_awc
combined_winter_barley,1997,27,59,1.0,0.0,-1.0,0,4,soil_moisture_awc
combined_winter_barley,1997,27,60,1.0,0.0,-1.0,0,4,soil_moisture_awc
combined_winter_barley,1997,27,78,2.0,0.0,-2.0,0,4,soil_moisture_awc
combined_winter_barley,1997,27,79,3.0,0.0,-3.0,0,4,soil_moisture_awc
combined_winter_barley,1997,27,80,4.0,5.0,1.0,0,4,yield_change
combined_winter_barley,1997,28,60,5.0,0.0,-5.0,0,4,soil_moisture_awc
combined_winter_barley,1997,28,64,4.0,0.0,-4.0,0,4,soil_moisture_awc
combined_winter_barley,1997,28,68,4.0,0.0,-4.0,0,4,soil_moisture_awc
combined_winter_barley,1997,28,69,2.0,0.0,-2.0,0,4,soil_moisture_awc
combined_winter_barley,1997,28,73,1.0,2.0,1.0,0,4,yield_change
combined_winter_barley,1997,28,81,2.0,0.0,-2.0,0,4,soil_moisture_awc
combined_winter_barley,1997,29,62,4.0,0.0,-4.0,0,4,soil_moisture_awc
combined_winter_barley,1997,29,63,4.0,0.0,-4.0,0,4,soil_moisture_awc
combined_winter_barley,1997,29,64,4.0,0.0,-4.0,0,4,soil_moisture_awc
combined_winter_barley,1997,29,65,4.0,0.0,-4.0,0,4,soil_moisture_awc
combined_winter_barley,1997,29,66,4.0,0.0,-4.0,0,4,soil_moisture_awc
combined_winter_barley,1997,29,68,4.0,0.0,-4.0,0,4,soil_moisture_awc
combined_winter_barley,1997,29,69,4.0,0.0,-4.0,0,4,soil_moisture_awc
combined_winter_barley,1997,29,70,2.0,0.0,-2.0,0,4,soil_moisture_awc
combined_winter_barley,1997,29,71,2.0,0.0,-2.0,0,4,soil_moisture_awc
combined_winter_barley,1997,29,77,1.0,0.0,-1.0,0,4,soil_moisture_awc
combined_winter_barley,1997,29,80,2.0,0.0,-2.0,0,4,soil_moisture_awc
combined_winter_barley,1997,29,84,2.0,0.0,-2.0,0,4,soil_moisture_awc
combined_winter_barley,1997,30,63,5.0,0.0,-5.0,0,4,soil_moisture_awc
combined_winter_barley,1997,30,64,5.0,0.0,-5.0,0,4,soil_moisture_awc
combined_winter_barley,1997,30,65,4.0,0.0,-4.0,0,4,soil_moisture_awc
combined_winter_barley,1997,30,66,4.0,0.0,-4.0,0,4,soil_moisture_awc
combined_winter_barley,1997,30,67,4.0,0.0,-4.0,0,4,soil_moisture_awc
combined_winter_barley,1997,30,68,4.0,0.0,-4.0,0,4,soil_moisture_awc
combined_winter_barley,1997,30,69,4.0,0.0,-4.0,0,4,soil_moisture_awc
combined_winter_barley,1997,30,70,4.0,0.0,-4.0,0,4,soil_moisture_awc
combined_winter_barley,1997,30,75,1.0,0.0,-1.0,0,4,soil_moisture_awc
combined_winter_barley,1997,30,78,2.0,0.0,-2.0,0,4,soil_moisture_awc
combined_winter_barley,1997,30,84,2.0,0.0,-2.0,0,4,soil_moisture_awc
combined_winter_barley,1997,31,64,5.0,0.0,-5.0,0,4,soil_moisture_awc
combined_winter_barley,1997,31,65,3.0,0.0,-3.0,0,4,soil_moisture_awc
combined_winter_barley,1997,31,66,3.0,0.0,-3.0,0,4,soil_moisture_awc
combined_winter_barley,1997,31,67,5.0,0.0,-5.0,0,4,soil_moisture_awc
combined_winter_barley,1997,31,68,3.0,0.0,-3.0,0,4,soil_moisture_awc
combined_winter_barley,1997,31,69,5.0,0.0,-5.0,0,4,soil_moisture_awc
combined_winter_barley,1997,31,78,2.0,0.0,-2.0,0,4,soil_moisture_awc
combined_winter_barley,1998,19,80,2.0,3.0,1.0,0,4,yield_change
combined_winter_barley,1998,22,50,1.0,0.0,-1.0,0,3,soil_moisture_awc
combined_winter_barley,1998,23,55,1.0,0.0,-1.0,0,3,soil_moisture_awc
combined_winter_barley,1998,23,57,1.0,0.0,-1.0,0,3,soil_moisture_awc
combined_winter_barley,1998,23,78,1.0,2.0,1.0,0,4,yield_change
combined_winter_barley,1998,24,53,0.0,5.0,5.0,0,4,yield_change
combined_winter_barley,1998,24,54,3.0,0.0,-3.0,0,4,soil_moisture_awc
combined_winter_barley,1998,24,55,1.0,0.0,-1.0,0,3,soil_moisture_awc
combined_winter_barley,1998,24,56,1.0,0.0,-1.0,0,4,soil_moisture_awc
combined_winter_barley,1998,24,57,1.0,0.0,-1.0,0,4,soil_moisture_awc
combined_winter_barley,1998,24,59,1.0,0.0,-1.0,0,3,soil_moisture_awc
combined_winter_barley,1998,24,62,0.0,1.0,1.0,0,4,yield_change
combined_winter_barley,1998,24,63,0.0,1.0,1.0,0,4,yield_change
combined_winter_barley,1998,24,65,1.0,0.0,-1.0,0,4,soil_moisture_awc
combined_winter_barley,1998,24,67,1.0,0.0,-1.0,0,3,soil_moisture_awc
combined_winter_barley,1998,25,55,3.0,0.0,-3.0,0,4,soil_moisture_awc
combined_winter_barley,1998,25,56,3.0,0.0,-3.0,0,4,soil_moisture_awc
combined_winter_barley,1998,25,57,2.0,3.0,1.0,0,4,yield_change
combined_winter_barley,1998,25,58,2.0,0.0,-2.0,0,4,soil_moisture_awc
combined_winter_barley,1998,25,59,1.0,0.0,-1.0,0,4,soil_moisture_awc
combined_winter_barley,1998,25,60,3.0,0.0,-3.0,0,4,soil_moisture_awc
combined_winter_barley,1998,25,61,4.0,0.0,-4.0,0,4,soil_moisture_awc
combined_winter_barley,1998,25,62,5.0,0.0,-5.0,0,4,soil_moisture_awc
combined_winter_barley,1998,25,63,5.0,0.0,-5.0,0,4,soil_moisture_awc
combined_winter_barley,1998,25,65,4.0,0.0,-4.0,0,4,soil_moisture_awc
combined_winter_barley,1998,25,66,4.0,0.0,-4.0,0,4,soil_moisture_awc
combined_winter_barley,1998,26,58,3.0,0.0,-3.0,0,4,soil_moisture_awc
combined_winter_barley,1998,26,59,3.0,0.0,-3.0,0,4,soil_moisture_awc
combined_winter_barley,1998,26,61,5.0,0.0,-5.0,0,4,soil_moisture_awc
combined_winter_barley,1998,26,62,5.0,0.0,-5.0,0,4,soil_moisture_awc
combined_winter_barley,1998,26,63,5.0,0.0,-5.0,0,4,soil_moisture_awc
combined_winter_barley,1998,26,64,5.0,0.0,-5.0,0,4,soil_moisture_awc
combined_winter_barley,1998,26,66,4.0,0.0,-4.0,0,4,soil_moisture_awc
combined_winter_barley,1998,26,67,4.0,0.0,-4.0,0,4,soil_moisture_awc
combined_winter_barley,1998,26,68,2.0,3.0,1.0,0,4,yield_change
combined_winter_barley,1998,26,79,2.0,3.0,1.0,0,4,yield_change
combined_winter_barley,1998,27,67,4.0,0.0,-4.0,0,4,soil_moisture_awc
combined_winter_barley,1998,27,68,2.0,0.0,-2.0,0,4,soil_moisture_awc
combined_winter_barley,1998,27,69,1.0,0.0,-1.0,0,4,soil_moisture_awc
combined_winter_barley,1998,27,72,3.0,4.0,1.0,0,4,yield_change
combined_winter_barley,1998,27,73,3.0,4.0,1.0,0,4,yield_change
combined_winter_barley,1998,27,74,2.0,3.0,1.0,0,4,yield_change
combined_winter_barley,1998,27,78,2.0,0.0,-2.0,0,4,soil_moisture_awc
combined_winter_barley,1998,27,79,4.0,5.0,1.0,0,4,yield_change
combined_winter_barley,1998,27,82,4.0,5.0,1.0,0,4,yield_change
combined_winter_barley,1998,28,70,1.0,0.0,-1.0,0,4,soil_moisture_awc
combined_winter_barley,1998,28,72,2.0,3.0,1.0,0,4,yield_change
combined_winter_barley,1998,28,73,2.0,4.0,2.0,0,4,yield_change
combined_winter_barley,1998,28,81,3.0,4.0,1.0,0,4,yield_change
combined_winter_barley,1998,28,83,4.0,5.0,1.0,0,4,yield_change
combined_winter_barley,1998,28,84,2.0,3.0,1.0,0,4,yield_change
combined_winter_barley,1998,29,72,3.0,0.0,-3.0,0,4,soil_moisture_awc
combined_winter_barley,1998,29,77,2.0,3.0,1.0,0,4,yield_change
combined_winter_barley,1998,29,78,3.0,4.0,1.0,0,4,yield_change
combined_winter_barley,1998,29,79,3.0,4.0,1.0,0,4,yield_change
combined_winter_barley,1998,29,80,3.0,4.0,1.0,0,4,yield_change
combined_winter_barley,1998,29,84,3.0,4.0,1.0,0,4,yield_change
combined_winter_barley,1998,30,75,2.0,3.0,1.0,0,4,yield_change
combined_winter_barley,1998,30,78,3.0,5.0,2.0,0,4,yield_change
combined_winter_barley,1998,30,84,3.0,4.0,1.0,0,4,yield_change
combined_winter_barley,1998,31,77,3.0,4.0,1.0,0,4,yield_change
combined_winter_barley,1998,31,78,3.0,5.0,2.0,0,4,yield_change
combined_winter_barley,1998,32,78,2.0,3.0,1.0,0,4,yield_change
combined_winter_barley,1998,32,79,3.0,5.0,2.0,0,4,yield_change
combined_winter_barley,1998,33,73,3.0,0.0,-3.0,0,4,soil_moisture_awc
combined_winter_barley,1998,33,74,1.0,0.0,-1.0,0,3,soil_moisture_awc
combined_winter_barley,1998,34,73,1.0,0.0,-1.0,0,3,soil_moisture_awc
combined_winter_barley,1998,34,74,1.0,0.0,-1.0,0,4,soil_moisture_awc
combined_winter_barley,1999,17,69,0.0,1.0,1.0,0,3,yield_change
combined_winter_barley,1999,19,80,2.0,3.0,1.0,0,4,yield_change
combined_winter_barley,1999,23,79,1.0,0.0,-1.0,0,4,soil_moisture_awc
combined_winter_barley,1999,25,65,0.0,1.0,1.0,0,4,yield_change
combined_winter_barley,1999,25,68,0.0,1.0,1.0,0,4,yield_change
combined_winter_barley,1999,25,69,0.0,1.0,1.0,0,4,yield_change
combined_winter_barley,1999,26,59,3.0,5.0,2.0,0,4,yield_change
combined_winter_barley,1999,26,61,5.0,0.0,-5.0,0,4,soil_moisture_awc
combined_winter_barley,1999,26,62,5.0,0.0,-5.0,0,4,soil_moisture_awc
combined_winter_barley,1999,26,69,0.0,1.0,1.0,0,4,yield_change
combined_winter_barley,1999,26,79,1.0,0.0,-1.0,0,4,soil_moisture_awc
combined_winter_barley,1999,27,59,2.0,0.0,-2.0,0,4,soil_moisture_awc
combined_winter_barley,1999,27,60,2.0,0.0,-2.0,0,4,soil_moisture_awc
combined_winter_barley,1999,27,74,1.0,0.0,-1.0,0,4,soil_moisture_awc
combined_winter_barley,1999,27,79,3.0,0.0,-3.0,0,4,soil_moisture_awc
combined_winter_barley,1999,27,80,4.0,5.0,1.0,0,4,yield_change
combined_winter_barley,1999,27,82,4.0,5.0,1.0,0,4,yield_change
combined_winter_barley,1999,28,59,0.0,5.0,5.0,0,4,yield_change
combined_winter_barley,1999,28,83,3.0,0.0,-3.0,0,4,soil_moisture_awc
combined_winter_barley,1999,28,84,2.0,3.0,1.0,0,4,yield_change
combined_winter_barley,1999,30,84,0.0,5.0,5.0,0,4,yield_change
combined_winter_barley,2000,23,79,1.0,0.0,-1.0,0,3,soil_moisture_awc
combined_winter_barley,2000,25,57,0.0,1.0,1.0,0,3,yield_change
combined_winter_barley,2000,25,63,5.0,0.0,-5.0,0,4,soil_moisture_awc
combined_winter_barley,2000,25,64,5.0,0.0,-5.0,0,4,soil_moisture_awc
combined_winter_barley,2000,25,66,5.0,0.0,-5.0,0,4,soil_moisture_awc
combined_winter_barley,2000,25,67,3.0,0.0,-3.0,0,4,soil_moisture_awc
combined_winter_barley,2000,26,63,5.0,0.0,-5.0,0,4,soil_moisture_awc
combined_winter_barley,2000,26,64,5.0,0.0,-5.0,0,4,soil_moisture_awc
combined_winter_barley,2000,26,65,5.0,0.0,-5.0,0,4,soil_moisture_awc
combined_winter_barley,2000,26,66,5.0,0.0,-5.0,0,4,soil_moisture_awc
combined_winter_barley,2000,26,67,5.0,0.0,-5.0,0,4,soil_moisture_awc
combined_winter_barley,2000,26,70,1.0,0.0,-1.0,0,3,soil_moisture_awc
combined_winter_barley,2000,26,72,1.0,0.0,-1.0,0,4,soil_moisture_awc
combined_winter_barley,2000,26,79,1.0,0.0,-1.0,0,4,soil_moisture_awc
combined_winter_barley,2000,27,64,5.0,0.0,-5.0,0,4,soil_moisture_awc
combined_winter_barley,2000,27,65,5.0,0.0,-5.0,0,4,soil_moisture_awc
combined_winter_barley,2000,27,69,2.0,0.0,-2.0,0,4,soil_moisture_awc
combined_winter_barley,2000,27,70,1.0,0.0,-1.0,0,4,soil_moisture_awc
combined_winter_barley,2000,27,71,1.0,0.0,-1.0,0,4,soil_moisture_awc
combined_winter_barley,2000,27,72,3.0,4.0,1.0,0,4,yield_change
combined_winter_barley,2000,27,73,3.0,0.0,-3.0,0,4,soil_moisture_awc
combined_winter_barley,2000,27,74,1.0,0.0,-1.0,0,4,soil_moisture_awc
combined_winter_barley,2000,27,78,2.0,0.0,-2.0,0,4,soil_moisture_awc
combined_winter_barley,2000,27,79,2.0,0.0,-2.0,0,4,soil_moisture_awc
combined_winter_barley,2000,27,80,3.0,4.0,1.0,0,4,yield_change
combined_winter_barley,2000,27,82,3.0,0.0,-3.0,0,4,soil_moisture_awc
combined_winter_barley,2000,28,81,2.0,0.0,-2.0,0,4,soil_moisture_awc
combined_winter_barley,2000,28,84,2.0,0.0,-2.0,0,4,soil_moisture_awc
combined_winter_barley,2000,29,84,2.0,0.0,-2.0,0,4,soil_moisture_awc
combined_winter_barley,2001,25,65,0.0,1.0,1.0,0,4,yield_change
combined_winter_barley,2001,25,67,0.0,1.0,1.0,0,4,yield_change
combined_winter_barley,2001,25,68,0.0,1.0,1.0,0,4,yield_change
combined_winter_barley,2001,26,65,1.0,0.0,-1.0,0,4,soil_moisture_awc
combined_winter_barley,2001,26,66,1.0,0.0,-1.0,0,4,soil_moisture_awc
combined_winter_barley,2001,26,67,1.0,0.0,-1.0,0,4,soil_moisture_awc
combined_winter_barley,2001,26,68,1.0,0.0,-1.0,0,4,soil_moisture_awc
combined_winter_barley,2001,26,69,0.0,1.0,1.0,0,4,yield_change
combined_winter_barley,2001,27,69,1.0,0.0,-1.0,0,4,soil_moisture_awc
combined_winter_barley,2001,27,78,3.0,0.0,-3.0,0,4,soil_moisture_awc
combined_winter_barley,2001,27,79,4.0,5.0,1.0,0,4,yield_change
combined_winter_barley,2001,27,82,4.0,5.0,1.0,0,4,yield_change
combined_winter_barley,2001,28,81,4.0,5.0,1.0,0,4,yield_change
combined_winter_barley,2001,28,83,4.0,5.0,1.0,0,4,yield_change
combined_winter_barley,2001,28,84,2.0,3.0,1.0,0,4,yield_change
combined_winter_barley,2001,29,80,4.0,5.0,1.0,0,4,yield_change
combined_winter_barley,2001,29,84,4.0,5.0,1.0,0,4,yield_change
combined_winter_barley,2001,30,78,4.0,5.0,1.0,0,4,yield_change
combined_winter_barley,2001,30,84,0.0,4.0,4.0,0,4,yield_change
combined_winter_barley,2001,33,67,1.0,0.0,-1.0,0,4,soil_moisture_awc
combined_winter_barley,2002,23,37,2.0,0.0,-2.0,0,4,soil_moisture_awc
combined_winter_barley,2002,23,41,3.0,4.0,1.0,0,4,yield_change
combined_winter_barley,2002,23,78,1.0,2.0,1.0,0,4,yield_change
combined_winter_barley,2002,23,79,5.0,0.0,-5.0,0,4,soil_moisture_awc
combined_winter_barley,2002,24,39,2.0,0.0,-2.0,0,4,soil_moisture_awc
combined_winter_barley,2002,24,40,2.0,3.0,1.0,0,4,yield_change
combined_winter_barley,2002,24,41,2.0,3.0,1.0,0,4,yield_change
combined_winter_barley,2002,24,45,3.0,4.0,1.0,0,4,yield_change
combined_winter_barley,2002,25,40,2.0,3.0,1.0,0,4,yield_change
combined_winter_barley,2002,25,41,2.0,0.0,-2.0,0,4,soil_moisture_awc
combined_winter_barley,2002,25,55,3.0,0.0,-3.0,0,4,soil_moisture_awc
combined_winter_barley,2002,25,56,3.0,4.0,1.0,0,4,yield_change
combined_winter_barley,2002,25,63,5.0,0.0,-5.0,0,4,soil_moisture_awc
combined_winter_barley,2002,25,66,5.0,0.0,-5.0,0,4,soil_moisture_awc
combined_winter_barley,2002,25,67,3.0,0.0,-3.0,0,4,soil_moisture_awc
combined_winter_barley,2002,25,68,3.0,0.0,-3.0,0,4,soil_moisture_awc
combined_winter_barley,2002,26,43,2.0,0.0,-2.0,0,4,soil_moisture_awc
combined_winter_barley,2002,26,44,3.0,0.0,-3.0,0,4,soil_moisture_awc
combined_winter_barley,2002,26,58,3.0,4.0,1.0,0,4,yield_change
combined_winter_barley,2002,26,59,3.0,4.0,1.0,0,4,yield_change
combined_winter_barley,2002,26,61,5.0,0.0,-5.0,0,4,soil_moisture_awc
combined_winter_barley,2002,26,62,5.0,0.0,-5.0,0,4,soil_moisture_awc
combined_winter_barley,2002,26,63,5.0,0.0,-5.0,0,4,soil_moisture_awc
combined_winter_barley,2002,26,64,5.0,0.0,-5.0,0,4,soil_moisture_awc
combined_winter_barley,2002,26,65,5.0,0.0,-5.0,0,4,soil_moisture_awc
combined_winter_barley,2002,26,66,5.0,0.0,-5.0,0,4,soil_moisture_awc
combined_winter_barley,2002,26,67,4.0,0.0,-4.0,0,4,soil_moisture_awc
combined_winter_barley,2002,26,68,2.0,0.0,-2.0,0,4,soil_moisture_awc
combined_winter_barley,2002,26,69,4.0,5.0,1.0,0,4,yield_change
combined_winter_barley,2002,26,79,2.0,0.0,-2.0,0,4,soil_moisture_awc
combined_winter_barley,2002,27,63,5.0,0.0,-5.0,0,4,soil_moisture_awc
combined_winter_barley,2002,27,64,5.0,0.0,-5.0,0,4,soil_moisture_awc
combined_winter_barley,2002,27,65,5.0,0.0,-5.0,0,4,soil_moisture_awc
combined_winter_barley,2002,27,66,5.0,0.0,-5.0,0,4,soil_moisture_awc
combined_winter_barley,2002,27,67,5.0,0.0,-5.0,0,4,soil_moisture_awc
combined_winter_barley,2002,27,68,2.0,0.0,-2.0,0,4,soil_moisture_awc
combined_winter_barley,2002,27,69,2.0,0.0,-2.0,0,4,soil_moisture_awc
combined_winter_barley,2002,27,72,3.0,4.0,1.0,0,4,yield_change
combined_winter_barley,2002,27,73,3.0,4.0,1.0,0,4,yield_change
combined_winter_barley,2002,27,78,2.0,0.0,-2.0,0,4,soil_moisture_awc
combined_winter_barley,2002,27,79,2.0,3.0,1.0,0,4,yield_change
combined_winter_barley,2002,27,80,3.0,4.0,1.0,0,4,yield_change
combined_winter_barley,2002,27,82,3.0,4.0,1.0,0,4,yield_change
combined_winter_barley,2002,28,59,3.0,4.0,1.0,0,4,yield_change
combined_winter_barley,2002,28,60,5.0,0.0,-5.0,0,4,soil_moisture_awc
combined_winter_barley,2002,28,61,5.0,0.0,-5.0,0,4,soil_moisture_awc
combined_winter_barley,2002,28,62,5.0,0.0,-5.0,0,4,soil_moisture_awc
combined_winter_barley,2002,28,63,5.0,0.0,-5.0,0,4,soil_moisture_awc
combined_winter_barley,2002,28,64,5.0,0.0,-5.0,0,4,soil_moisture_awc
combined_winter_barley,2002,28,65,5.0,0.0,-5.0,0,4,soil_moisture_awc
combined_winter_barley,2002,28,66,5.0,0.0,-5.0,0,4,soil_moisture_awc
combined_winter_barley,2002,28,67,5.0,0.0,-5.0,0,4,soil_moisture_awc
combined_winter_barley,2002,28,68,5.0,0.0,-5.0,0,4,soil_moisture_awc
combined_winter_barley,2002,28,69,3.0,0.0,-3.0,0,4,soil_moisture_awc
combined_winter_barley,2002,28,70,2.0,0.0,-2.0,0,4,soil_moisture_awc
combined_winter_barley,2002,28,72,2.0,0.0,-2.0,0,4,soil_moisture_awc
combined_winter_barley,2002,28,73,2.0,3.0,1.0,0,4,yield_change
combined_winter_barley,2002,28,81,2.0,3.0,1.0,0,4,yield_change
combined_winter_barley,2002,28,83,3.0,4.0,1.0,0,4,yield_change
combined_winter_barley,2002,29,60,5.0,0.0,-5.0,0,4,soil_moisture_awc
combined_winter_barley,2002,29,62,5.0,0.0,-5.0,0,4,soil_moisture_awc
combined_winter_barley,2002,29,63,5.0,0.0,-5.0,0,4,soil_moisture_awc
combined_winter_barley,2002,29,64,5.0,0.0,-5.0,0,4,soil_moisture_awc
combined_winter_barley,2002,29,65,5.0,0.0,-5.0,0,4,soil_moisture_awc
combined_winter_barley,2002,29,66,5.0,0.0,-5.0,0,4,soil_moisture_awc
combined_winter_barley,2002,29,67,5.0,0.0,-5.0,0,4,soil_moisture_awc
combined_winter_barley,2002,29,68,5.0,0.0,-5.0,0,4,soil_moisture_awc
combined_winter_barley,2002,29,69,5.0,0.0,-5.0,0,4,soil_moisture_awc
combined_winter_barley,2002,29,70,2.0,0.0,-2.0,0,4,soil_moisture_awc
combined_winter_barley,2002,29,71,2.0,0.0,-2.0,0,4,soil_moisture_awc
combined_winter_barley,2002,29,77,1.0,2.0,1.0,0,4,yield_change
combined_winter_barley,2002,29,78,2.0,3.0,1.0,0,4,yield_change
combined_winter_barley,2002,29,79,2.0,0.0,-2.0,0,4,soil_moisture_awc
combined_winter_barley,2002,29,80,2.0,3.0,1.0,0,4,yield_change
combined_winter_barley,2002,29,84,2.0,3.0,1.0,0,4,yield_change
combined_winter_barley,2002,30,55,1.0,2.0,1.0,0,4,yield_change
combined_winter_barley,2002,30,62,3.0,4.0,1.0,0,4,yield_change
combined_winter_barley,2002,30,63,5.0,0.0,-5.0,0,4,soil_moisture_awc
combined_winter_barley,2002,30,64,5.0,0.0,-5.0,0,4,soil_moisture_awc
combined_winter_barley,2002,30,65,5.0,0.0,-5.0,0,4,soil_moisture_awc
combined_winter_barley,2002,30,66,5.0,0.0,-5.0,0,4,soil_moisture_awc
combined_winter_barley,2002,30,67,5.0,0.0,-5.0,0,4,soil_moisture_awc
combined_winter_barley,2002,30,68,5.0,0.0,-5.0,0,4,soil_moisture_awc
combined_winter_barley,2002,30,69,5.0,0.0,-5.0,0,4,soil_moisture_awc
combined_winter_barley,2002,30,70,5.0,0.0,-5.0,0,4,soil_moisture_awc
combined_winter_barley,2002,30,75,1.0,2.0,1.0,0,4,yield_change
combined_winter_barley,2002,30,78,2.0,3.0,1.0,0,4,yield_change
combined_winter_barley,2002,30,84,2.0,3.0,1.0,0,4,yield_change
combined_winter_barley,2002,31,63,4.0,0.0,-4.0,0,4,soil_moisture_awc
combined_winter_barley,2002,31,64,5.0,0.0,-5.0,0,4,soil_moisture_awc
combined_winter_barley,2002,31,65,3.0,4.0,1.0,0,4,yield_change
combined_winter_barley,2002,31,66,4.0,0.0,-4.0,0,4,soil_moisture_awc
combined_winter_barley,2002,31,67,5.0,0.0,-5.0,0,4,soil_moisture_awc
combined_winter_barley,2002,31,68,3.0,0.0,-3.0,0,4,soil_moisture_awc
combined_winter_barley,2002,31,69,5.0,0.0,-5.0,0,4,soil_moisture_awc
combined_winter_barley,2002,31,70,5.0,0.0,-5.0,0,4,soil_moisture_awc
combined_winter_barley,2002,31,77,2.0,3.0,1.0,0,4,yield_change
combined_winter_barley,2002,31,78,2.0,0.0,-2.0,0,4,soil_moisture_awc
combined_winter_barley,2002,32,66,1.0,0.0,-1.0,0,4,soil_moisture_awc
combined_winter_barley,2002,32,78,1.0,0.0,-1.0,0,4,soil_moisture_awc
combined_winter_barley,2002,32,79,2.0,0.0,-2.0,0,4,soil_moisture_awc
combined_winter_barley,2002,33,73,3.0,0.0,-3.0,0,4,soil_moisture_awc
combined_winter_barley,2002,34,72,3.0,0.0,-3.0,0,4,soil_moisture_awc
combined_winter_barley,2002,34,74,2.0,0.0,-2.0,0,4,soil_moisture_awc
combined_winter_barley,2003,17,69,1.0,0.0,-1.0,0,3,soil_moisture_awc
combined_winter_barley,2003,21,50,3.0,0.0,-3.0,0,3,soil_moisture_awc
combined_winter_barley,2003,22,47,3.0,0.0,-3.0,0,3,soil_moisture_awc
combined_winter_barley,2003,22,50,4.0,0.0,-4.0,0,4,soil_moisture_awc
combined_winter_barley,2003,23,41,0.0,5.0,5.0,0,4,yield_change
combined_winter_barley,2003,23,42,0.0,3.0,3.0,0,4,yield_change
combined_winter_barley,2003,23,51,2.0,0.0,-2.0,1,3,permafrost_class
combined_winter_barley,2003,23,52,3.0,0.0,-3.0,0,3,soil_moisture_awc
combined_winter_barley,2003,23,54,3.0,0.0,-3.0,0,3,soil_moisture_awc
combined_winter_barley,2003,23,78,2.0,1.0,-1.0,0,4,yield_change
combined_winter_barley,2003,25,58,2.0,3.0,1.0,0,4,yield_change
combined_winter_barley,2003,25,59,1.0,0.0,-1.0,0,4,soil_moisture_awc
combined_winter_barley,2003,25,63,5.0,0.0,-5.0,0,4,soil_moisture_awc
combined_winter_barley,2003,26,56,1.0,0.0,-1.0,0,3,soil_moisture_awc
combined_winter_barley,2003,26,58,3.0,4.0,1.0,0,4,yield_change
combined_winter_barley,2003,26,59,3.0,4.0,1.0,0,4,yield_change
combined_winter_barley,2003,26,60,5.0,0.0,-5.0,0,4,soil_moisture_awc
combined_winter_barley,2003,26,61,5.0,0.0,-5.0,0,4,soil_moisture_awc
combined_winter_barley,2003,26,62,5.0,0.0,-5.0,0,4,soil_moisture_awc
combined_winter_barley,2003,26,63,5.0,0.0,-5.0,0,4,soil_moisture_awc
combined_winter_barley,2003,26,64,5.0,0.0,-5.0,0,4,soil_moisture_awc
combined_winter_barley,2003,26,68,2.0,0.0,-2.0,0,4,soil_moisture_awc
combined_winter_barley,2003,26,70,1.0,0.0,-1.0,0,4,soil_moisture_awc
combined_winter_barley,2003,27,56,1.0,0.0,-1.0,0,3,soil_moisture_awc
combined_winter_barley,2003,27,57,1.0,0.0,-1.0,0,4,soil_moisture_awc
combined_winter_barley,2003,27,59,2.0,0.0,-2.0,0,4,soil_moisture_awc
combined_winter_barley,2003,27,60,2.0,0.0,-2.0,0,4,soil_moisture_awc
combined_winter_barley,2003,27,61,1.0,0.0,-1.0,0,4,soil_moisture_awc
combined_winter_barley,2003,27,62,5.0,0.0,-5.0,0,4,soil_moisture_awc
combined_winter_barley,2003,27,63,5.0,0.0,-5.0,0,4,soil_moisture_awc
combined_winter_barley,2003,27,68,3.0,0.0,-3.0,0,4,soil_moisture_awc
combined_winter_barley,2003,27,69,2.0,0.0,-2.0,0,4,soil_moisture_awc
combined_winter_barley,2003,27,70,1.0,0.0,-1.0,0,4,soil_moisture_awc
combined_winter_barley,2003,27,71,3.0,0.0,-3.0,0,4,soil_moisture_awc
combined_winter_barley,2003,27,78,3.0,0.0,-3.0,0,4,soil_moisture_awc
combined_winter_barley,2003,27,80,5.0,4.0,-1.0,0,4,yield_change
combined_winter_barley,2003,28,53,1.0,0.0,-1.0,0,3,soil_moisture_awc
combined_winter_barley,2003,28,59,2.0,3.0,1.0,0,4,yield_change
combined_winter_barley,2003,28,60,5.0,0.0,-5.0,0,4,soil_moisture_awc
combined_winter_barley,2003,28,61,5.0,0.0,-5.0,0,4,soil_moisture_awc
combined_winter_barley,2003,28,72,2.0,0.0,-2.0,0,4,soil_moisture_awc
combined_winter_barley,2003,29,53,2.0,0.0,-2.0,0,4,soil_moisture_awc
combined_winter_barley,2003,29,54,2.0,0.0,-2.0,0,4,soil_moisture_awc
combined_winter_barley,2003,29,55,1.0,0.0,-1.0,0,4,soil_moisture_awc
combined_winter_barley,2003,31,77,3.0,4.0,1.0,0,4,yield_change
combined_winter_barley,2003,31,78,3.0,4.0,1.0,0,4,yield_change
combined_winter_barley,2003,32,79,3.0,4.0,1.0,0,4,yield_change
combined_winter_barley,2003,33,73,3.0,0.0,-3.0,0,4,soil_moisture_awc
combined_winter_barley,2003,34,74,0.0,2.0,2.0,0,4,yield_change
combined_winter_barley,2003,36,85,1.0,0.0,-1.0,0,4,soil_moisture_awc
combined_winter_barley,2004,23,37,3.0,0.0,-3.0,0,4,soil_moisture_awc
combined_winter_barley,2004,23,40,3.0,0.0,-3.0,0,4,soil_moisture_awc
combined_winter_barley,2004,23,41,4.0,5.0,1.0,0,4,yield_change
combined_winter_barley,2004,23,43,3.0,0.0,-3.0,0,4,soil_moisture_awc
combined_winter_barley,2004,23,44,2.0,0.0,-2.0,0,4,soil_moisture_awc
combined_winter_barley,2004,23,50,4.0,3.0,-1.0,0,4,yield_change
combined_winter_barley,2004,24,43,5.0,0.0,-5.0,0,4,soil_moisture_awc
combined_winter_barley,2004,24,45,5.0,4.0,-1.0,0,4,yield_change
combined_winter_barley,2004,24,46,4.0,3.0,-1.0,0,4,yield_change
combined_winter_barley,2004,24,56,0.0,2.0,2.0,0,4,yield_change
combined_winter_barley,2004,25,41,2.0,0.0,-2.0,0,4,soil_moisture_awc
combined_winter_barley,2004,25,42,2.0,0.0,-2.0,0,4,soil_moisture_awc
combined_winter_barley,2004,25,43,2.0,0.0,-2.0,0,4,soil_moisture_awc
combined_winter_barley,2004,25,60,1.0,0.0,-1.0,0,4,soil_moisture_awc
combined_winter_barley,2004,25,62,5.0,4.0,-1.0,0,4,yield_change
combined_winter_barley,2004,25,63,5.0,0.0,-5.0,0,4,soil_moisture_awc
combined_winter_barley,2004,25,68,0.0,1.0,1.0,0,4,yield_change
combined_winter_barley,2004,25,69,0.0,1.0,1.0,0,4,yield_change
combined_winter_barley,2004,26,43,3.0,0.0,-3.0,0,4,soil_moisture_awc
combined_winter_barley,2004,26,44,4.0,0.0,-4.0,0,4,soil_moisture_awc
combined_winter_barley,2004,26,45,2.0,0.0,-2.0,0,4,soil_moisture_awc
combined_winter_barley,2004,26,46,1.0,0.0,-1.0,0,4,soil_moisture_awc
combined_winter_barley,2004,26,61,5.0,0.0,-5.0,0,4,soil_moisture_awc
combined_winter_barley,2004,26,62,5.0,0.0,-5.0,0,4,soil_moisture_awc
combined_winter_barley,2004,26,63,5.0,0.0,-5.0,0,4,soil_moisture_awc
combined_winter_barley,2004,26,68,2.0,0.0,-2.0,0,4,soil_moisture_awc
combined_winter_barley,2004,26,69,0.0,1.0,1.0,0,4,yield_change
combined_winter_barley,2004,27,47,1.0,0.0,-1.0,0,4,soil_moisture_awc
combined_winter_barley,2004,27,48,3.0,0.0,-3.0,0,4,soil_moisture_awc
combined_winter_barley,2004,27,61,1.0,0.0,-1.0,0,4,soil_moisture_awc
combined_winter_barley,2004,27,63,4.0,0.0,-4.0,0,4,soil_moisture_awc
combined_winter_barley,2004,27,64,4.0,0.0,-4.0,0,4,soil_moisture_awc
combined_winter_barley,2004,27,65,4.0,0.0,-4.0,0,4,soil_moisture_awc
combined_winter_barley,2004,27,66,4.0,0.0,-4.0,0,4,soil_moisture_awc
combined_winter_barley,2004,27,67,4.0,0.0,-4.0,0,4,soil_moisture_awc
combined_winter_barley,2004,27,68,2.0,0.0,-2.0,0,4,soil_moisture_awc
combined_winter_barley,2004,27,69,2.0,0.0,-2.0,0,4,soil_moisture_awc
combined_winter_barley,2004,27,78,2.0,0.0,-2.0,0,4,soil_moisture_awc
combined_winter_barley,2004,28,59,2.0,3.0,1.0,0,4,yield_change
combined_winter_barley,2004,28,60,4.0,0.0,-4.0,0,4,soil_moisture_awc
combined_winter_barley,2004,28,61,5.0,0.0,-5.0,0,4,soil_moisture_awc
combined_winter_barley,2004,28,62,5.0,0.0,-5.0,0,4,soil_moisture_awc
combined_winter_barley,2004,28,63,5.0,0.0,-5.0,0,4,soil_moisture_awc
combined_winter_barley,2004,28,64,5.0,0.0,-5.0,0,4,soil_moisture_awc
combined_winter_barley,2004,28,65,5.0,0.0,-5.0,0,4,soil_moisture_awc
combined_winter_barley,2004,28,66,5.0,0.0,-5.0,0,4,soil_moisture_awc
combined_winter_barley,2004,28,67,5.0,0.0,-5.0,0,4,soil_moisture_awc
combined_winter_barley,2004,28,68,5.0,0.0,-5.0,0,4,soil_moisture_awc
combined_winter_barley,2004,28,69,2.0,0.0,-2.0,0,4,soil_moisture_awc
combined_winter_barley,2004,28,70,2.0,0.0,-2.0,0,4,soil_moisture_awc
combined_winter_barley,2004,29,53,2.0,0.0,-2.0,0,4,soil_moisture_awc
combined_winter_barley,2004,29,54,2.0,0.0,-2.0,0,4,soil_moisture_awc
combined_winter_barley,2004,29,55,1.0,0.0,-1.0,0,4,soil_moisture_awc
combined_winter_barley,2004,29,61,4.0,0.0,-4.0,0,4,soil_moisture_awc
combined_winter_barley,2004,29,62,5.0,0.0,-5.0,0,4,soil_moisture_awc
combined_winter_barley,2004,29,63,5.0,0.0,-5.0,0,4,soil_moisture_awc
combined_winter_barley,2004,29,64,5.0,0.0,-5.0,0,4,soil_moisture_awc
combined_winter_barley,2004,29,65,5.0,0.0,-5.0,0,4,soil_moisture_awc
combined_winter_barley,2004,29,66,5.0,0.0,-5.0,0,4,soil_moisture_awc
combined_winter_barley,2004,29,67,5.0,0.0,-5.0,0,4,soil_moisture_awc
combined_winter_barley,2004,29,68,5.0,0.0,-5.0,0,4,soil_moisture_awc
combined_winter_barley,2004,29,69,5.0,0.0,-5.0,0,4,soil_moisture_awc
combined_winter_barley,2004,30,56,1.0,0.0,-1.0,0,4,soil_moisture_awc
combined_winter_barley,2004,30,61,1.0,0.0,-1.0,0,4,soil_moisture_awc
combined_winter_barley,2004,30,62,2.0,0.0,-2.0,0,4,soil_moisture_awc
combined_winter_barley,2004,30,63,4.0,0.0,-4.0,0,4,soil_moisture_awc
combined_winter_barley,2004,30,64,5.0,0.0,-5.0,0,4,soil_moisture_awc
combined_winter_barley,2004,30,65,5.0,0.0,-5.0,0,4,soil_moisture_awc
combined_winter_barley,2004,30,66,5.0,0.0,-5.0,0,4,soil_moisture_awc
combined_winter_barley,2004,30,67,5.0,0.0,-5.0,0,4,soil_moisture_awc
combined_winter_barley,2004,30,68,5.0,0.0,-5.0,0,4,soil_moisture_awc
combined_winter_barley,2004,30,69,5.0,0.0,-5.0,0,4,soil_moisture_awc
combined_winter_barley,2004,30,70,4.0,0.0,-4.0,0,4,soil_moisture_awc
combined_winter_barley,2004,30,78,3.0,4.0,1.0,0,4,yield_change
combined_winter_barley,2004,31,57,1.0,0.0,-1.0,0,4,soil_moisture_awc
combined_winter_barley,2004,31,63,1.0,0.0,-1.0,0,4,soil_moisture_awc
combined_winter_barley,2004,31,64,4.0,0.0,-4.0,0,4,soil_moisture_awc
combined_winter_barley,2004,31,65,3.0,0.0,-3.0,0,4,soil_moisture_awc
combined_winter_barley,2004,31,66,4.0,0.0,-4.0,0,4,soil_moisture_awc
combined_winter_barley,2004,31,67,5.0,0.0,-5.0,0,4,soil_moisture_awc
combined_winter_barley,2004,31,68,3.0,0.0,-3.0,0,4,soil_moisture_awc
combined_winter_barley,2004,31,69,5.0,0.0,-5.0,0,4,soil_moisture_awc
combined_winter_barley,2004,31,70,5.0,0.0,-5.0,0,4,soil_moisture_awc
combined_winter_barley,2004,31,78,3.0,4.0,1.0,0,4,yield_change
combined_winter_barley,2004,32,58,1.0,0.0,-1.0,0,4,soil_moisture_awc
combined_winter_barley,2004,32,59,1.0,0.0,-1.0,0,4,soil_moisture_awc
combined_winter_barley,2004,32,66,1.0,0.0,-1.0,0,4,soil_moisture_awc
combined_winter_barley,2004,32,70,3.0,0.0,-3.0,0,4,soil_moisture_awc
combined_winter_barley,2004,32,71,2.0,0.0,-2.0,0,4,soil_moisture_awc
combined_winter_barley,2004,32,79,3.0,4.0,1.0,0,4,yield_change
combined_winter_barley,2004,33,63,1.0,0.0,-1.0,0,4,soil_moisture_awc
combined_winter_barley,2004,34,72,3.0,0.0,-3.0,0,4,soil_moisture_awc
combined_winter_barley,2004,34,74,1.0,0.0,-1.0,0,4,soil_moisture_awc
combined_winter_barley,2005,8,45,1.0,0.0,-1.0,0,3,soil_moisture_awc
combined_winter_barley,2005,23,40,1.0,0.0,-1.0,0,3,soil_moisture_awc
combined_winter_barley,2005,23,41,3.0,4.0,1.0,0,4,yield_change
combined_winter_barley,2005,23,44,1.0,0.0,-1.0,0,3,soil_moisture_awc
combined_winter_barley,2005,23,78,1.0,2.0,1.0,0,4,yield_change
combined_winter_barley,2005,24,42,4.0,0.0,-4.0,0,4,soil_moisture_awc
combined_winter_barley,2005,24,45,3.0,4.0,1.0,0,4,yield_change
combined_winter_barley,2005,24,53,2.0,3.0,1.0,0,4,yield_change
combined_winter_barley,2005,24,54,2.0,3.0,1.0,0,4,yield_change
combined_winter_barley,2005,24,62,0.0,1.0,1.0,0,4,yield_change
combined_winter_barley,2005,24,68,1.0,0.0,-1.0,0,4,soil_moisture_awc
combined_winter_barley,2005,25,43,1.0,0.0,-1.0,0,4,soil_moisture_awc
combined_winter_barley,2005,25,55,3.0,4.0,1.0,0,4,yield_change
combined_winter_barley,2005,25,56,3.0,4.0,1.0,0,4,yield_change
combined_winter_barley,2005,25,63,5.0,0.0,-5.0,0,4,soil_moisture_awc
combined_winter_barley,2005,26,44,3.0,0.0,-3.0,0,4,soil_moisture_awc
combined_winter_barley,2005,26,45,1.0,0.0,-1.0,0,4,soil_moisture_awc
combined_winter_barley,2005,26,46,1.0,0.0,-1.0,0,4,soil_moisture_awc
combined_winter_barley,2005,26,58,3.0,4.0,1.0,0,4,yield_change
combined_winter_barley,2005,26,59,3.0,4.0,1.0,0,4,yield_change
combined_winter_barley,2005,26,60,4.0,5.0,1.0,0,4,yield_change
combined_winter_barley,2005,26,61,5.0,0.0,-5.0,0,4,soil_moisture_awc
combined_winter_barley,2005,26,62,5.0,0.0,-5.0,0,4,soil_moisture_awc
combined_winter_barley,2005,26,63,5.0,0.0,-5.0,0,4,soil_moisture_awc
combined_winter_barley,2005,26,64,5.0,0.0,-5.0,0,4,soil_moisture_awc
combined_winter_barley,2005,26,65,5.0,0.0,-5.0,0,4,soil_moisture_awc
combined_winter_barley,2005,26,66,5.0,0.0,-5.0,0,4,soil_moisture_awc
combined_winter_barley,2005,26,68,2.0,3.0,1.0,0,4,yield_change
combined_winter_barley,2005,26,78,2.0,3.0,1.0,0,4,yield_change
combined_winter_barley,2005,26,79,2.0,3.0,1.0,0,4,yield_change
combined_winter_barley,2005,27,62,4.0,5.0,1.0,0,4,yield_change
combined_winter_barley,2005,27,63,5.0,0.0,-5.0,0,4,soil_moisture_awc
combined_winter_barley,2005,27,64,5.0,0.0,-5.0,0,4,soil_moisture_awc
combined_winter_barley,2005,27,65,5.0,0.0,-5.0,0,4,soil_moisture_awc
combined_winter_barley,2005,27,66,5.0,0.0,-5.0,0,4,soil_moisture_awc
combined_winter_barley,2005,27,67,5.0,0.0,-5.0,0,4,soil_moisture_awc
combined_winter_barley,2005,27,68,2.0,0.0,-2.0,0,4,soil_moisture_awc
combined_winter_barley,2005,27,69,2.0,0.0,-2.0,0,4,soil_moisture_awc
combined_winter_barley,2005,27,72,2.0,3.0,1.0,0,4,yield_change
combined_winter_barley,2005,27,73,2.0,3.0,1.0,0,4,yield_change
combined_winter_barley,2005,27,78,2.0,0.0,-2.0,0,4,soil_moisture_awc
combined_winter_barley,2005,27,79,3.0,4.0,1.0,0,4,yield_change
combined_winter_barley,2005,28,59,3.0,4.0,1.0,0,4,yield_change
combined_winter_barley,2005,28,60,5.0,0.0,-5.0,0,4,soil_moisture_awc
combined_winter_barley,2005,28,61,5.0,0.0,-5.0,0,4,soil_moisture_awc
combined_winter_barley,2005,28,62,5.0,0.0,-5.0,0,4,soil_moisture_awc
combined_winter_barley,2005,28,63,5.0,0.0,-5.0,0,4,soil_moisture_awc
combined_winter_barley,2005,28,64,5.0,0.0,-5.0,0,4,soil_moisture_awc
combined_winter_barley,2005,28,65,5.0,0.0,-5.0,0,4,soil_moisture_awc
combined_winter_barley,2005,28,66,5.0,0.0,-5.0,0,4,soil_moisture_awc
combined_winter_barley,2005,28,67,5.0,0.0,-5.0,0,4,soil_moisture_awc
combined_winter_barley,2005,28,68,4.0,0.0,-4.0,0,4,soil_moisture_awc
combined_winter_barley,2005,28,69,2.0,3.0,1.0,0,4,yield_change
combined_winter_barley,2005,28,72,2.0,3.0,1.0,0,4,yield_change
combined_winter_barley,2005,28,73,2.0,3.0,1.0,0,4,yield_change
combined_winter_barley,2005,28,83,3.0,4.0,1.0,0,4,yield_change
combined_winter_barley,2005,29,62,5.0,0.0,-5.0,0,4,soil_moisture_awc
combined_winter_barley,2005,29,63,5.0,0.0,-5.0,0,4,soil_moisture_awc
combined_winter_barley,2005,29,64,5.0,0.0,-5.0,0,4,soil_moisture_awc
combined_winter_barley,2005,29,65,5.0,0.0,-5.0,0,4,soil_moisture_awc
combined_winter_barley,2005,29,66,5.0,0.0,-5.0,0,4,soil_moisture_awc
combined_winter_barley,2005,29,67,4.0,0.0,-4.0,0,4,soil_moisture_awc
combined_winter_barley,2005,29,68,4.0,0.0,-4.0,0,4,soil_moisture_awc
combined_winter_barley,2005,29,69,4.0,0.0,-4.0,0,4,soil_moisture_awc
combined_winter_barley,2005,29,70,2.0,0.0,-2.0,0,4,soil_moisture_awc
combined_winter_barley,2005,29,72,2.0,3.0,1.0,0,4,yield_change
combined_winter_barley,2005,29,79,2.0,3.0,1.0,0,4,yield_change
combined_winter_barley,2005,30,55,1.0,2.0,1.0,0,4,yield_change
combined_winter_barley,2005,30,56,1.0,2.0,1.0,0,4,yield_change
combined_winter_barley,2005,30,57,1.0,0.0,-1.0,0,4,soil_moisture_awc
combined_winter_barley,2005,30,58,1.0,0.0,-1.0,0,4,soil_moisture_awc
combined_winter_barley,2005,30,62,3.0,4.0,1.0,0,4,yield_change
combined_winter_barley,2005,30,63,5.0,0.0,-5.0,0,4,soil_moisture_awc
combined_winter_barley,2005,30,64,5.0,0.0,-5.0,0,4,soil_moisture_awc
combined_winter_barley,2005,30,65,5.0,0.0,-5.0,0,4,soil_moisture_awc
combined_winter_barley,2005,30,66,5.0,0.0,-5.0,0,4,soil_moisture_awc
combined_winter_barley,2005,30,67,5.0,0.0,-5.0,0,4,soil_moisture_awc
combined_winter_barley,2005,30,68,4.0,0.0,-4.0,0,4,soil_moisture_awc
combined_winter_barley,2005,30,69,4.0,0.0,-4.0,0,4,soil_moisture_awc
combined_winter_barley,2005,30,70,4.0,0.0,-4.0,0,4,soil_moisture_awc
combined_winter_barley,2005,30,71,2.0,0.0,-2.0,0,4,soil_moisture_awc
combined_winter_barley,2005,30,78,3.0,4.0,1.0,0,4,yield_change
combined_winter_barley,2005,31,57,1.0,2.0,1.0,0,4,yield_change
combined_winter_barley,2005,31,58,1.0,2.0,1.0,0,4,yield_change
combined_winter_barley,2005,31,62,1.0,0.0,-1.0,0,4,soil_moisture_awc
combined_winter_barley,2005,31,65,3.0,4.0,1.0,0,4,yield_change
combined_winter_barley,2005,31,67,4.0,5.0,1.0,0,4,yield_change
combined_winter_barley,2005,31,68,3.0,0.0,-3.0,0,4,soil_moisture_awc
combined_winter_barley,2005,31,69,4.0,0.0,-4.0,0,4,soil_moisture_awc
combined_winter_barley,2005,31,71,2.0,0.0,-2.0,0,4,soil_moisture_awc
combined_winter_barley,2005,31,72,1.0,0.0,-1.0,0,4,soil_moisture_awc
combined_winter_barley,2005,31,78,3.0,4.0,1.0,0,4,yield_change
combined_winter_barley,2005,32,58,2.0,3.0,1.0,0,4,yield_change
combined_winter_barley,2005,32,59,1.0,2.0,1.0,0,4,yield_change
combined_winter_barley,2005,32,66,1.0,0.0,-1.0,0,4,soil_moisture_awc
combined_winter_barley,2005,32,67,1.0,0.0,-1.0,0,4,soil_moisture_awc
combined_winter_barley,2005,32,71,3.0,0.0,-3.0,0,4,soil_moisture_awc
combined_winter_barley,2005,32,72,2.0,0.0,-2.0,0,4,soil_moisture_awc
combined_winter_barley,2005,32,79,3.0,4.0,1.0,0,4,yield_change
combined_winter_barley,2005,33,69,1.0,0.0,-1.0,0,4,soil_moisture_awc
combined_winter_barley,2005,33,72,3.0,0.0,-3.0,0,4,soil_moisture_awc
combined_winter_barley,2005,33,73,3.0,4.0,1.0,0,4,yield_change
combined_winter_barley,2005,34,72,3.0,0.0,-3.0,0,4,soil_moisture_awc
combined_winter_barley,2006,17,69,3.0,4.0,1.0,0,4,yield_change
combined_winter_barley,2006,22,50,1.0,0.0,-1.0,0,4,soil_moisture_awc
combined_winter_barley,2006,23,50,1.0,0.0,-1.0,0,4,soil_moisture_awc
combined_winter_barley,2006,24,52,5.0,0.0,-5.0,0,4,soil_moisture_awc
combined_winter_barley,2006,24,53,3.0,4.0,1.0,0,4,yield_change
combined_winter_barley,2006,24,54,3.0,4.0,1.0,0,4,yield_change
combined_winter_barley,2006,24,55,1.0,0.0,-1.0,0,4,soil_moisture_awc
combined_winter_barley,2006,24,56,3.0,0.0,-3.0,0,4,soil_moisture_awc
combined_winter_barley,2006,24,58,0.0,1.0,1.0,0,4,yield_change
combined_winter_barley,2006,25,53,1.0,0.0,-1.0,0,4,soil_moisture_awc
combined_winter_barley,2006,25,55,3.0,0.0,-3.0,0,4,soil_moisture_awc
combined_winter_barley,2006,25,56,3.0,0.0,-3.0,0,4,soil_moisture_awc
combined_winter_barley,2006,25,58,3.0,0.0,-3.0,0,4,soil_moisture_awc
combined_winter_barley,2006,25,59,2.0,0.0,-2.0,0,4,soil_moisture_awc
combined_winter_barley,2006,25,60,3.0,4.0,1.0,0,4,yield_change
combined_winter_barley,2006,25,63,5.0,0.0,-5.0,0,4,soil_moisture_awc
combined_winter_barley,2006,25,64,5.0,0.0,-5.0,0,4,soil_moisture_awc
combined_winter_barley,2006,25,68,3.0,0.0,-3.0,0,4,soil_moisture_awc
combined_winter_barley,2006,26,56,1.0,0.0,-1.0,0,4,soil_moisture_awc
combined_winter_barley,2006,26,61,5.0,0.0,-5.0,0,4,soil_moisture_awc
combined_winter_barley,2006,26,62,5.0,0.0,-5.0,0,4,soil_moisture_awc
combined_winter_barley,2006,26,63,5.0,0.0,-5.0,0,4,soil_moisture_awc
combined_winter_barley,2006,26,64,5.0,0.0,-5.0,0,4,soil_moisture_awc
combined_winter_barley,2006,26,65,5.0,0.0,-5.0,0,4,soil_moisture_awc
combined_winter_barley,2006,26,66,5.0,0.0,-5.0,0,4,soil_moisture_awc
combined_winter_barley,2006,26,68,2.0,3.0,1.0,0,4,yield_change
combined_winter_barley,2006,26,69,5.0,0.0,-5.0,0,4,soil_moisture_awc
combined_winter_barley,2006,27,56,1.0,0.0,-1.0,0,4,soil_moisture_awc
combined_winter_barley,2006,27,57,3.0,0.0,-3.0,0,4,soil_moisture_awc
combined_winter_barley,2006,27,60,2.0,0.0,-2.0,0,4,soil_moisture_awc
combined_winter_barley,2006,27,62,5.0,0.0,-5.0,0,4,soil_moisture_awc
combined_winter_barley,2006,27,63,5.0,0.0,-5.0,0,4,soil_moisture_awc
combined_winter_barley,2006,27,64,5.0,0.0,-5.0,0,4,soil_moisture_awc
combined_winter_barley,2006,27,65,5.0,0.0,-5.0,0,4,soil_moisture_awc
combined_winter_barley,2006,27,66,5.0,0.0,-5.0,0,4,soil_moisture_awc
combined_winter_barley,2006,27,67,5.0,0.0,-5.0,0,4,soil_moisture_awc
combined_winter_barley,2006,27,68,2.0,0.0,-2.0,0,4,soil_moisture_awc
combined_winter_barley,2006,27,69,2.0,0.0,-2.0,0,4,soil_moisture_awc
combined_winter_barley,2006,27,71,3.0,0.0,-3.0,0,4,soil_moisture_awc
combined_winter_barley,2006,27,78,2.0,0.0,-2.0,0,4,soil_moisture_awc
combined_winter_barley,2006,27,82,3.0,4.0,1.0,0,4,yield_change
combined_winter_barley,2006,28,58,1.0,0.0,-1.0,0,4,soil_moisture_awc
combined_winter_barley,2006,28,59,3.0,4.0,1.0,0,4,yield_change
combined_winter_barley,2006,28,60,5.0,0.0,-5.0,0,4,soil_moisture_awc
combined_winter_barley,2006,28,61,5.0,0.0,-5.0,0,4,soil_moisture_awc
combined_winter_barley,2006,28,62,5.0,0.0,-5.0,0,4,soil_moisture_awc
combined_winter_barley,2006,28,63,5.0,0.0,-5.0,0,4,soil_moisture_awc
combined_winter_barley,2006,28,64,5.0,0.0,-5.0,0,4,soil_moisture_awc
combined_winter_barley,2006,28,65,5.0,0.0,-5.0,0,4,soil_moisture_awc
combined_winter_barley,2006,28,66,5.0,0.0,-5.0,0,4,soil_moisture_awc
combined_winter_barley,2006,28,67,5.0,0.0,-5.0,0,4,soil_moisture_awc
combined_winter_barley,2006,28,68,5.0,0.0,-5.0,0,4,soil_moisture_awc
combined_winter_barley,2006,28,69,3.0,0.0,-3.0,0,4,soil_moisture_awc
combined_winter_barley,2006,28,70,2.0,0.0,-2.0,0,4,soil_moisture_awc
combined_winter_barley,2006,28,72,2.0,0.0,-2.0,0,4,soil_moisture_awc
combined_winter_barley,2006,28,81,2.0,3.0,1.0,0,4,yield_change
combined_winter_barley,2006,28,83,3.0,4.0,1.0,0,4,yield_change
combined_winter_barley,2006,29,53,2.0,0.0,-2.0,0,4,soil_moisture_awc
combined_winter_barley,2006,29,54,2.0,0.0,-2.0,0,4,soil_moisture_awc
combined_winter_barley,2006,29,55,1.0,0.0,-1.0,0,4,soil_moisture_awc
combined_winter_barley,2006,29,60,4.0,0.0,-4.0,0,4,soil_moisture_awc
combined_winter_barley,2006,29,61,5.0,0.0,-5.0,0,4,soil_moisture_awc
combined_winter_barley,2006,29,62,5.0,0.0,-5.0,0,4,soil_moisture_awc
combined_winter_barley,2006,29,63,5.0,0.0,-5.0,0,4,soil_moisture_awc
combined_winter_barley,2006,29,64,5.0,0.0,-5.0,0,4,soil_moisture_awc
combined_winter_barley,2006,29,65,5.0,0.0,-5.0,0,4,soil_moisture_awc
combined_winter_barley,2006,29,66,5.0,0.0,-5.0,0,4,soil_moisture_awc
combined_winter_barley,2006,29,67,5.0,0.0,-5.0,0,4,soil_moisture_awc
combined_winter_barley,2006,29,68,5.0,0.0,-5.0,0,4,soil_moisture_awc
combined_winter_barley,2006,29,69,5.0,0.0,-5.0,0,4,soil_moisture_awc
combined_winter_barley,2006,29,70,2.0,0.0,-2.0,0,4,soil_moisture_awc
combined_winter_barley,2006,29,71,2.0,0.0,-2.0,0,4,soil_moisture_awc
combined_winter_barley,2006,29,72,3.0,0.0,-3.0,0,4,soil_moisture_awc
combined_winter_barley,2006,29,84,2.0,3.0,1.0,0,4,yield_change
combined_winter_barley,2006,30,56,1.0,0.0,-1.0,0,4,soil_moisture_awc
combined_winter_barley,2006,30,57,1.0,0.0,-1.0,0,4,soil_moisture_awc
combined_winter_barley,2006,30,58,2.0,0.0,-2.0,0,4,soil_moisture_awc
combined_winter_barley,2006,30,61,3.0,4.0,1.0,0,4,yield_change
combined_winter_barley,2006,30,62,3.0,0.0,-3.0,0,4,soil_moisture_awc
combined_winter_barley,2006,30,63,5.0,0.0,-5.0,0,4,soil_moisture_awc
combined_winter_barley,2006,30,64,5.0,0.0,-5.0,0,4,soil_moisture_awc
combined_winter_barley,2006,30,65,5.0,0.0,-5.0,0,4,soil_moisture_awc
combined_winter_barley,2006,30,66,5.0,0.0,-5.0,0,4,soil_moisture_awc
combined_winter_barley,2006,30,67,5.0,0.0,-5.0,0,4,soil_moisture_awc
combined_winter_barley,2006,30,68,5.0,0.0,-5.0,0,4,soil_moisture_awc
combined_winter_barley,2006,30,69,4.0,0.0,-4.0,0,4,soil_moisture_awc
combined_winter_barley,2006,30,70,4.0,0.0,-4.0,0,4,soil_moisture_awc
combined_winter_barley,2006,30,71,2.0,0.0,-2.0,0,4,soil_moisture_awc
combined_winter_barley,2006,30,84,2.0,3.0,1.0,0,4,yield_change
combined_winter_barley,2006,31,58,1.0,0.0,-1.0,0,4,soil_moisture_awc
combined_winter_barley,2006,31,59,2.0,0.0,-2.0,0,4,soil_moisture_awc
combined_winter_barley,2006,31,62,1.0,0.0,-1.0,0,4,soil_moisture_awc
combined_winter_barley,2006,31,63,3.0,0.0,-3.0,0,4,soil_moisture_awc
combined_winter_barley,2006,31,64,4.0,0.0,-4.0,0,4,soil_moisture_awc
combined_winter_barley,2006,31,65,3.0,0.0,-3.0,0,4,soil_moisture_awc
combined_winter_barley,2006,31,66,3.0,0.0,-3.0,0,4,soil_moisture_awc
combined_winter_barley,2006,31,67,4.0,0.0,-4.0,0,4,soil_moisture_awc
combined_winter_barley,2006,31,68,3.0,0.0,-3.0,0,4,soil_moisture_awc
combined_winter_barley,2006,31,69,4.0,0.0,-4.0,0,4,soil_moisture_awc
combined_winter_barley,2006,31,70,4.0,0.0,-4.0,0,4,soil_moisture_awc
combined_winter_barley,2006,31,71,3.0,0.0,-3.0,0,4,soil_moisture_awc
combined_winter_barley,2006,31,78,3.0,4.0,1.0,0,4,yield_change
combined_winter_barley,2006,32,58,2.0,0.0,-2.0,0,4,soil_moisture_awc
combined_winter_barley,2006,32,59,1.0,0.0,-1.0,0,4,soil_moisture_awc
combined_winter_barley,2006,32,60,2.0,0.0,-2.0,0,4,soil_moisture_awc
combined_winter_barley,2006,32,65,1.0,0.0,-1.0,0,4,soil_moisture_awc
combined_winter_barley,2006,32,66,1.0,0.0,-1.0,0,4,soil_moisture_awc
combined_winter_barley,2006,32,70,3.0,0.0,-3.0,0,4,soil_moisture_awc
combined_winter_barley,2006,32,71,3.0,0.0,-3.0,0,4,soil_moisture_awc
combined_winter_barley,2006,32,72,3.0,0.0,-3.0,0,4,soil_moisture_awc
combined_winter_barley,2006,32,79,2.0,4.0,2.0,0,4,yield_change
combined_winter_barley,2006,33,63,3.0,0.0,-3.0,0,4,soil_moisture_awc
combined_winter_barley,2006,33,64,3.0,0.0,-3.0,0,4,soil_moisture_awc
combined_winter_barley,2006,33,67,5.0,0.0,-5.0,0,4,soil_moisture_awc
combined_winter_barley,2006,33,72,3.0,0.0,-3.0,0,4,soil_moisture_awc
combined_winter_barley,2006,33,73,3.0,0.0,-3.0,0,4,soil_moisture_awc
combined_winter_barley,2006,34,72,3.0,0.0,-3.0,0,4,soil_moisture_awc
combined_winter_barley,2007,17,69,0.0,4.0,4.0,0,4,yield_change
combined_winter_barley,2007,23,57,5.0,0.0,-5.0,0,3,soil_moisture_awc
combined_winter_barley,2007,24,53,0.0,1.0,1.0,0,4,yield_change
combined_winter_barley,2007,24,55,2.0,0.0,-2.0,0,4,soil_moisture_awc
combined_winter_barley,2007,24,56,3.0,0.0,-3.0,0,4,soil_moisture_awc
combined_winter_barley,2007,24,57,4.0,0.0,-4.0,0,4,soil_moisture_awc
combined_winter_barley,2007,24,61,0.0,1.0,1.0,0,3,yield_change
combined_winter_barley,2007,24,62,3.0,4.0,1.0,0,4,yield_change
combined_winter_barley,2007,24,63,0.0,1.0,1.0,0,3,yield_change
combined_winter_barley,2007,25,57,0.0,3.0,3.0,0,4,yield_change
combined_winter_barley,2007,25,68,0.0,4.0,4.0,0,4,yield_change
combined_winter_barley,2007,26,62,5.0,0.0,-5.0,0,4,soil_moisture_awc
combined_winter_barley,2007,26,63,5.0,0.0,-5.0,0,4,soil_moisture_awc
combined_winter_barley,2007,26,70,1.0,0.0,-1.0,0,4,soil_moisture_awc
combined_winter_barley,2007,26,79,3.0,4.0,1.0,0,4,yield_change
combined_winter_barley,2007,27,72,4.0,5.0,1.0,0,4,yield_change
combined_winter_barley,2007,27,73,4.0,5.0,1.0,0,4,yield_change
combined_winter_barley,2007,27,78,3.0,0.0,-3.0,0,4,soil_moisture_awc
combined_winter_barley,2007,27,79,4.0,5.0,1.0,0,4,yield_change
combined_winter_barley,2007,27,82,4.0,5.0,1.0,0,4,yield_change
combined_winter_barley,2007,27,83,1.0,0.0,-1.0,0,3,soil_moisture_awc
combined_winter_barley,2007,28,73,3.0,4.0,1.0,0,4,yield_change
combined_winter_barley,2007,28,81,3.0,0.0,-3.0,0,4,soil_moisture_awc
combined_winter_barley,2007,28,82,1.0,0.0,-1.0,0,4,soil_moisture_awc
combined_winter_barley,2007,28,83,4.0,0.0,-4.0,0,4,soil_moisture_awc
combined_winter_barley,2007,28,84,2.0,3.0,1.0,0,4,yield_change
combined_winter_barley,2007,29,78,3.0,0.0,-3.0,0,4,soil_moisture_awc
combined_winter_barley,2007,29,79,3.0,0.0,-3.0,0,4,soil_moisture_awc
combined_winter_barley,2007,29,80,3.0,0.0,-3.0,0,4,soil_moisture_awc
combined_winter_barley,2007,29,84,3.0,4.0,1.0,0,4,yield_change
combined_winter_barley,2007,30,75,3.0,0.0,-3.0,0,4,soil_moisture_awc
combined_winter_barley,2007,30,78,4.0,0.0,-4.0,0,4,soil_moisture_awc
combined_winter_barley,2007,30,84,3.0,4.0,1.0,0,4,yield_change
combined_winter_barley,2007,31,77,3.0,0.0,-3.0,0,4,soil_moisture_awc
combined_winter_barley,2007,31,78,4.0,0.0,-4.0,0,4,soil_moisture_awc
combined_winter_barley,2007,32,78,2.0,0.0,-2.0,0,4,soil_moisture_awc
combined_winter_barley,2008,19,80,2.0,3.0,1.0,0,4,yield_change
combined_winter_barley,2008,22,50,1.0,0.0,-1.0,0,3,soil_moisture_awc
combined_winter_barley,2008,23,55,1.0,0.0,-1.0,0,3,soil_moisture_awc
combined_winter_barley,2008,24,52,1.0,0.0,-1.0,0,3,soil_moisture_awc
combined_winter_barley,2008,24,54,1.0,0.0,-1.0,0,3,soil_moisture_awc
combined_winter_barley,2008,24,55,1.0,0.0,-1.0,0,3,soil_moisture_awc
combined_winter_barley,2008,24,56,1.0,0.0,-1.0,0,3,soil_moisture_awc
combined_winter_barley,2008,24,57,1.0,0.0,-1.0,0,3,soil_moisture_awc
combined_winter_barley,2008,24,59,1.0,0.0,-1.0,0,3,soil_moisture_awc
combined_winter_barley,2008,25,53,1.0,0.0,-1.0,0,3,soil_moisture_awc
combined_winter_barley,2008,25,55,4.0,0.0,-4.0,0,4,soil_moisture_awc
combined_winter_barley,2008,25,56,4.0,0.0,-4.0,0,4,soil_moisture_awc
combined_winter_barley,2008,25,57,0.0,3.0,3.0,0,4,yield_change
combined_winter_barley,2008,25,62,5.0,0.0,-5.0,0,4,soil_moisture_awc
combined_winter_barley,2008,25,63,5.0,0.0,-5.0,0,4,soil_moisture_awc
combined_winter_barley,2008,25,64,5.0,0.0,-5.0,0,4,soil_moisture_awc
combined_winter_barley,2008,25,67,3.0,4.0,1.0,0,4,yield_change
combined_winter_barley,2008,26,57,0.0,1.0,1.0,0,4,yield_change
combined_winter_barley,2008,26,66,5.0,0.0,-5.0,0,4,soil_moisture_awc
combined_winter_barley,2008,26,67,4.0,0.0,-4.0,0,4,soil_moisture_awc
combined_winter_barley,2008,26,68,2.0,3.0,1.0,0,4,yield_change
combined_winter_barley,2008,26,69,4.0,5.0,1.0,0,4,yield_change
combined_winter_barley,2008,26,78,2.0,3.0,1.0,0,4,yield_change
combined_winter_barley,2008,26,79,3.0,4.0,1.0,0,4,yield_change
combined_winter_barley,2008,27,67,5.0,0.0,-5.0,0,4,soil_moisture_awc
combined_winter_barley,2008,27,68,3.0,0.0,-3.0,0,4,soil_moisture_awc
combined_winter_barley,2008,27,69,2.0,0.0,-2.0,0,4,soil_moisture_awc
combined_winter_barley,2008,27,72,3.0,4.0,1.0,0,4,yield_change
combined_winter_barley,2008,27,73,3.0,4.0,1.0,0,4,yield_change
combined_winter_barley,2008,27,74,2.0,3.0,1.0,0,4,yield_change
combined_winter_barley,2008,27,78,2.0,0.0,-2.0,0,4,soil_moisture_awc
combined_winter_barley,2008,27,79,3.0,5.0,2.0,0,4,yield_change
combined_winter_barley,2008,27,80,4.0,5.0,1.0,0,4,yield_change
combined_winter_barley,2008,27,82,4.0,5.0,1.0,0,4,yield_change
combined_winter_barley,2008,28,68,5.0,0.0,-5.0,0,4,soil_moisture_awc
combined_winter_barley,2008,28,69,3.0,0.0,-3.0,0,4,soil_moisture_awc
combined_winter_barley,2008,28,70,2.0,0.0,-2.0,0,4,soil_moisture_awc
combined_winter_barley,2008,28,72,2.0,0.0,-2.0,0,4,soil_moisture_awc
combined_winter_barley,2008,28,73,3.0,4.0,1.0,0,4,yield_change
combined_winter_barley,2008,28,81,3.0,5.0,2.0,0,4,yield_change
combined_winter_barley,2008,28,82,1.0,0.0,-1.0,0,3,soil_moisture_awc
combined_winter_barley,2008,28,83,4.0,5.0,1.0,0,4,yield_change
combined_winter_barley,2008,28,84,2.0,3.0,1.0,0,4,yield_change
combined_winter_barley,2008,29,77,2.0,0.0,-2.0,0,4,soil_moisture_awc
combined_winter_barley,2008,29,78,3.0,0.0,-3.0,0,4,soil_moisture_awc
combined_winter_barley,2008,29,79,2.0,0.0,-2.0,0,4,soil_moisture_awc
combined_winter_barley,2008,29,80,3.0,5.0,2.0,0,4,yield_change
combined_winter_barley,2008,29,84,3.0,4.0,1.0,0,4,yield_change
combined_winter_barley,2008,30,67,5.0,0.0,-5.0,0,4,soil_moisture_awc
combined_winter_barley,2008,30,68,5.0,0.0,-5.0,0,4,soil_moisture_awc
combined_winter_barley,2008,30,69,5.0,0.0,-5.0,0,4,soil_moisture_awc
combined_winter_barley,2008,30,70,5.0,0.0,-5.0,0,4,soil_moisture_awc
combined_winter_barley,2008,30,78,3.0,5.0,2.0,0,4,yield_change
combined_winter_barley,2008,30,84,3.0,4.0,1.0,0,4,yield_change
combined_winter_barley,2008,31,65,4.0,5.0,1.0,0,4,yield_change
combined_winter_barley,2008,31,66,4.0,0.0,-4.0,0,4,soil_moisture_awc
combined_winter_barley,2008,31,67,4.0,0.0,-4.0,0,4,soil_moisture_awc
combined_winter_barley,2008,31,68,3.0,0.0,-3.0,0,4,soil_moisture_awc
combined_winter_barley,2008,31,69,5.0,0.0,-5.0,0,4,soil_moisture_awc
combined_winter_barley,2008,31,70,5.0,0.0,-5.0,0,4,soil_moisture_awc
combined_winter_barley,2008,31,77,3.0,0.0,-3.0,0,4,soil_moisture_awc
combined_winter_barley,2008,31,78,3.0,5.0,2.0,0,4,yield_change
combined_winter_barley,2008,32,65,1.0,0.0,-1.0,0,4,soil_moisture_awc
combined_winter_barley,2008,32,70,3.0,0.0,-3.0,0,4,soil_moisture_awc
combined_winter_barley,2008,32,78,2.0,3.0,1.0,0,4,yield_change
combined_winter_barley,2008,32,79,3.0,5.0,2.0,0,4,yield_change
combined_winter_barley,2009,23,41,0.0,1.0,1.0,0,4,yield_change
combined_winter_barley,2009,23,42,0.0,1.0,1.0,0,3,yield_change
combined_winter_barley,2009,23,43,1.0,0.0,-1.0,0,4,soil_moisture_awc
combined_winter_barley,2009,24,40,2.0,0.0,-2.0,0,4,soil_moisture_awc
combined_winter_barley,2009,24,42,4.0,0.0,-4.0,0,4,soil_moisture_awc
combined_winter_barley,2009,24,47,1.0,0.0,-1.0,0,4,soil_moisture_awc
combined_winter_barley,2009,24,65,0.0,1.0,1.0,0,4,yield_change
combined_winter_barley,2009,25,55,3.0,0.0,-3.0,0,4,soil_moisture_awc
combined_winter_barley,2009,25,56,3.0,4.0,1.0,0,4,yield_change
combined_winter_barley,2009,25,57,2.0,3.0,1.0,0,4,yield_change
combined_winter_barley,2009,25,58,2.0,3.0,1.0,0,4,yield_change
combined_winter_barley,2009,25,62,5.0,4.0,-1.0,0,4,yield_change
combined_winter_barley,2009,25,63,5.0,0.0,-5.0,0,4,soil_moisture_awc
combined_winter_barley,2009,25,70,0.0,1.0,1.0,0,4,yield_change
combined_winter_barley,2009,26,56,1.0,0.0,-1.0,0,4,soil_moisture_awc
combined_winter_barley,2009,26,58,3.0,4.0,1.0,0,4,yield_change
combined_winter_barley,2009,26,59,3.0,4.0,1.0,0,4,yield_change
combined_winter_barley,2009,26,61,5.0,0.0,-5.0,0,4,soil_moisture_awc
combined_winter_barley,2009,26,62,5.0,0.0,-5.0,0,4,soil_moisture_awc
combined_winter_barley,2009,26,63,4.0,0.0,-4.0,0,4,soil_moisture_awc
combined_winter_barley,2009,26,64,4.0,0.0,-4.0,0,4,soil_moisture_awc
combined_winter_barley,2009,26,65,4.0,0.0,-4.0,0,4,soil_moisture_awc
combined_winter_barley,2009,26,66,4.0,0.0,-4.0,0,4,soil_moisture_awc
combined_winter_barley,2009,26,70,0.0,1.0,1.0,0,4,yield_change
combined_winter_barley,2009,27,57,1.0,0.0,-1.0,0,4,soil_moisture_awc
combined_winter_barley,2009,27,58,1.0,0.0,-1.0,0,4,soil_moisture_awc
combined_winter_barley,2009,27,59,2.0,0.0,-2.0,0,4,soil_moisture_awc
combined_winter_barley,2009,27,60,2.0,0.0,-2.0,0,4,soil_moisture_awc
combined_winter_barley,2009,27,63,5.0,0.0,-5.0,0,4,soil_moisture_awc
combined_winter_barley,2009,27,64,4.0,0.0,-4.0,0,4,soil_moisture_awc
combined_winter_barley,2009,27,65,4.0,0.0,-4.0,0,4,soil_moisture_awc
combined_winter_barley,2009,27,66,4.0,0.0,-4.0,0,4,soil_moisture_awc
combined_winter_barley,2009,27,67,4.0,0.0,-4.0,0,4,soil_moisture_awc
combined_winter_barley,2009,27,68,2.0,0.0,-2.0,0,4,soil_moisture_awc
combined_winter_barley,2009,27,69,1.0,0.0,-1.0,0,4,soil_moisture_awc
combined_winter_barley,2009,27,78,2.0,0.0,-2.0,0,4,soil_moisture_awc
combined_winter_barley,2009,27,79,3.0,4.0,1.0,0,4,yield_change
combined_winter_barley,2009,28,58,1.0,0.0,-1.0,0,4,soil_moisture_awc
combined_winter_barley,2009,28,59,3.0,0.0,-3.0,0,4,soil_moisture_awc
combined_winter_barley,2009,28,60,5.0,0.0,-5.0,0,4,soil_moisture_awc
combined_winter_barley,2009,28,61,5.0,0.0,-5.0,0,4,soil_moisture_awc
combined_winter_barley,2009,28,62,5.0,0.0,-5.0,0,4,soil_moisture_awc
combined_winter_barley,2009,28,63,5.0,0.0,-5.0,0,4,soil_moisture_awc
combined_winter_barley,2009,28,64,5.0,0.0,-5.0,0,4,soil_moisture_awc
combined_winter_barley,2009,28,65,5.0,0.0,-5.0,0,4,soil_moisture_awc
combined_winter_barley,2009,28,66,5.0,0.0,-5.0,0,4,soil_moisture_awc
combined_winter_barley,2009,28,67,4.0,0.0,-4.0,0,4,soil_moisture_awc
combined_winter_barley,2009,28,68,4.0,0.0,-4.0,0,4,soil_moisture_awc
combined_winter_barley,2009,28,69,2.0,3.0,1.0,0,4,yield_change
combined_winter_barley,2009,28,81,3.0,4.0,1.0,0,4,yield_change
combined_winter_barley,2009,29,60,4.0,0.0,-4.0,0,4,soil_moisture_awc
combined_winter_barley,2009,29,61,5.0,0.0,-5.0,0,4,soil_moisture_awc
combined_winter_barley,2009,29,62,5.0,0.0,-5.0,0,4,soil_moisture_awc
combined_winter_barley,2009,29,63,5.0,0.0,-5.0,0,4,soil_moisture_awc
combined_winter_barley,2009,29,64,5.0,0.0,-5.0,0,4,soil_moisture_awc
combined_winter_barley,2009,29,65,5.0,0.0,-5.0,0,4,soil_moisture_awc
combined_winter_barley,2009,29,66,5.0,0.0,-5.0,0,4,soil_moisture_awc
combined_winter_barley,2009,29,67,5.0,0.0,-5.0,0,4,soil_moisture_awc
combined_winter_barley,2009,29,68,5.0,0.0,-5.0,0,4,soil_moisture_awc
combined_winter_barley,2009,29,69,5.0,0.0,-5.0,0,4,soil_moisture_awc
combined_winter_barley,2009,29,70,3.0,0.0,-3.0,0,4,soil_moisture_awc
combined_winter_barley,2009,29,71,2.0,0.0,-2.0,0,4,soil_moisture_awc
combined_winter_barley,2009,29,72,1.0,0.0,-1.0,0,4,soil_moisture_awc
combined_winter_barley,2009,29,80,3.0,4.0,1.0,0,4,yield_change
combined_winter_barley,2009,29,84,3.0,4.0,1.0,0,4,yield_change
combined_winter_barley,2009,30,62,3.0,0.0,-3.0,0,4,soil_moisture_awc
combined_winter_barley,2009,30,63,5.0,0.0,-5.0,0,4,soil_moisture_awc
combined_winter_barley,2009,30,64,5.0,0.0,-5.0,0,4,soil_moisture_awc
combined_winter_barley,2009,30,65,5.0,0.0,-5.0,0,4,soil_moisture_awc
combined_winter_barley,2009,30,66,5.0,0.0,-5.0,0,4,soil_moisture_awc
combined_winter_barley,2009,30,67,5.0,0.0,-5.0,0,4,soil_moisture_awc
combined_winter_barley,2009,30,68,4.0,0.0,-4.0,0,4,soil_moisture_awc
combined_winter_barley,2009,30,69,5.0,0.0,-5.0,0,4,soil_moisture_awc
combined_winter_barley,2009,30,70,1.0,0.0,-1.0,0,4,soil_moisture_awc
combined_winter_barley,2009,30,71,1.0,0.0,-1.0,0,4,soil_moisture_awc
combined_winter_barley,2009,30,72,1.0,0.0,-1.0,0,4,soil_moisture_awc
combined_winter_barley,2009,30,78,3.0,4.0,1.0,0,4,yield_change
combined_winter_barley,2009,30,84,3.0,4.0,1.0,0,4,yield_change
combined_winter_barley,2009,31,64,4.0,0.0,-4.0,0,4,soil_moisture_awc
combined_winter_barley,2009,31,65,3.0,0.0,-3.0,0,4,soil_moisture_awc
combined_winter_barley,2009,31,66,3.0,0.0,-3.0,0,4,soil_moisture_awc
combined_winter_barley,2009,31,78,3.0,4.0,1.0,0,4,yield_change
combined_winter_barley,2009,32,65,1.0,0.0,-1.0,0,4,soil_moisture_awc
combined_winter_barley,2009,32,78,2.0,3.0,1.0,0,4,yield_change
combined_winter_barley,2009,32,79,3.0,4.0,1.0,0,4,yield_change
combined_winter_barley,2009,33,63,3.0,0.0,-3.0,0,4,soil_moisture_awc
combined_winter_barley,2009,36,85,2.0,0.0,-2.0,0,4,soil_moisture_awc
combined_winter_barley,2010,24,53,0.0,1.0,1.0,0,4,yield_change
combined_winter_barley,2010,24,55,1.0,0.0,-1.0,0,4,soil_moisture_awc
combined_winter_barley,2010,25,54,0.0,1.0,1.0,0,4,yield_change
combined_winter_barley,2010,25,55,1.0,0.0,-1.0,0,4,soil_moisture_awc
combined_winter_barley,2010,25,58,2.0,0.0,-2.0,0,4,soil_moisture_awc
combined_winter_barley,2010,25,65,0.0,5.0,5.0,0,4,yield_change
combined_winter_barley,2010,25,67,2.0,0.0,-2.0,0,4,soil_moisture_awc
combined_winter_barley,2010,25,68,0.0,2.0,2.0,0,4,yield_change
combined_winter_barley,2010,26,58,3.0,4.0,1.0,0,4,yield_change
combined_winter_barley,2010,26,59,0.0,4.0,4.0,0,4,yield_change
combined_winter_barley,2010,26,68,2.0,3.0,1.0,0,4,yield_change
combined_winter_barley,2010,26,69,0.0,3.0,3.0,0,4,yield_change
combined_winter_barley,2010,27,68,3.0,0.0,-3.0,0,4,soil_moisture_awc
combined_winter_barley,2010,27,69,2.0,0.0,-2.0,0,4,soil_moisture_awc
combined_winter_barley,2010,27,72,3.0,4.0,1.0,0,4,yield_change
combined_winter_barley,2010,27,73,3.0,4.0,1.0,0,4,yield_change
combined_winter_barley,2010,27,78,2.0,0.0,-2.0,0,4,soil_moisture_awc
combined_winter_barley,2010,27,79,3.0,4.0,1.0,0,4,yield_change
combined_winter_barley,2010,28,67,5.0,0.0,-5.0,0,4,soil_moisture_awc
combined_winter_barley,2010,28,68,5.0,0.0,-5.0,0,4,soil_moisture_awc
combined_winter_barley,2010,28,83,3.0,0.0,-3.0,0,4,soil_moisture_awc
combined_winter_barley,2010,29,67,5.0,0.0,-5.0,0,4,soil_moisture_awc
combined_winter_barley,2010,29,68,5.0,0.0,-5.0,0,4,soil_moisture_awc
combined_winter_barley,2010,29,69,5.0,0.0,-5.0,0,4,soil_moisture_awc
combined_winter_barley,2010,29,70,3.0,0.0,-3.0,0,4,soil_moisture_awc
combined_winter_barley,2010,29,71,3.0,4.0,1.0,0,4,yield_change
combined_winter_barley,2010,29,79,3.0,0.0,-3.0,0,4,soil_moisture_awc
combined_winter_barley,2010,29,80,2.0,0.0,-2.0,0,4,soil_moisture_awc
combined_winter_barley,2010,30,67,5.0,0.0,-5.0,0,4,soil_moisture_awc
combined_winter_barley,2010,30,68,5.0,0.0,-5.0,0,4,soil_moisture_awc
combined_winter_barley,2010,30,69,5.0,0.0,-5.0,0,4,soil_moisture_awc
combined_winter_barley,2010,30,70,5.0,0.0,-5.0,0,4,soil_moisture_awc
combined_winter_barley,2010,30,78,3.0,4.0,1.0,0,4,yield_change
combined_winter_barley,2010,31,67,0.0,5.0,5.0,0,4,yield_change
combined_winter_barley,2010,31,68,3.0,0.0,-3.0,0,4,soil_moisture_awc
combined_winter_barley,2010,31,69,5.0,0.0,-5.0,0,4,soil_moisture_awc
combined_winter_barley,2010,31,70,5.0,0.0,-5.0,0,4,soil_moisture_awc
combined_winter_barley,2010,31,71,3.0,4.0,1.0,0,4,yield_change
combined_winter_barley,2010,31,77,3.0,0.0,-3.0,0,4,soil_moisture_awc
combined_winter_barley,2010,31,78,2.0,4.0,2.0,0,4,yield_change
combined_winter_barley,2010,32,60,3.0,0.0,-3.0,0,4,soil_moisture_awc
combined_winter_barley,2010,32,72,0.0,4.0,4.0,0,4,yield_change
combined_winter_barley,2010,32,78,2.0,0.0,-2.0,0,4,soil_moisture_awc
combined_winter_barley,2010,32,79,3.0,0.0,-3.0,0,4,soil_moisture_awc
combined_winter_barley,2010,33,63,3.0,0.0,-3.0,0,4,soil_moisture_awc
combined_winter_barley,2010,33,67,0.0,3.0,3.0,0,4,yield_change
combined_winter_barley,2010,33,72,0.0,4.0,4.0,0,4,yield_change
combined_winter_barley,2010,33,73,0.0,4.0,4.0,0,4,yield_change
combined_winter_barley,2010,34,72,4.0,0.0,-4.0,0,4,soil_moisture_awc
combined_winter_barley,2011,19,80,1.0,0.0,-1.0,0,4,soil_moisture_awc
combined_winter_barley,2011,23,41,0.0,5.0,5.0,0,4,yield_change
combined_winter_barley,2011,23,42,0.0,3.0,3.0,0,3,yield_change
combined_winter_barley,2011,23,43,3.0,0.0,-3.0,0,4,soil_moisture_awc
combined_winter_barley,2011,23,68,0.0,2.0,2.0,0,3,yield_change
combined_winter_barley,2011,24,45,4.0,0.0,-4.0,0,4,soil_moisture_awc
combined_winter_barley,2011,24,46,4.0,0.0,-4.0,0,4,soil_moisture_awc
combined_winter_barley,2011,24,47,1.0,0.0,-1.0,0,4,soil_moisture_awc
combined_winter_barley,2011,24,67,0.0,3.0,3.0,0,4,yield_change
combined_winter_barley,2011,25,63,1.0,0.0,-1.0,0,4,soil_moisture_awc
combined_winter_barley,2011,25,68,3.0,4.0,1.0,0,4,yield_change
combined_winter_barley,2011,25,70,4.0,5.0,1.0,0,4,yield_change
combined_winter_barley,2011,26,45,2.0,0.0,-2.0,0,4,soil_moisture_awc
combined_winter_barley,2011,26,46,2.0,0.0,-2.0,0,4,soil_moisture_awc
combined_winter_barley,2011,26,47,2.0,0.0,-2.0,0,4,soil_moisture_awc
combined_winter_barley,2011,26,63,1.0,0.0,-1.0,0,4,soil_moisture_awc
combined_winter_barley,2011,26,64,5.0,0.0,-5.0,0,4,soil_moisture_awc
combined_winter_barley,2011,26,65,5.0,0.0,-5.0,0,4,soil_moisture_awc
combined_winter_barley,2011,26,66,5.0,0.0,-5.0,0,4,soil_moisture_awc
combined_winter_barley,2011,26,68,2.0,3.0,1.0,0,4,yield_change
combined_winter_barley,2011,26,69,4.0,5.0,1.0,0,4,yield_change
combined_winter_barley,2011,26,70,4.0,0.0,-4.0,0,4,soil_moisture_awc
combined_winter_barley,2011,26,71,2.0,0.0,-2.0,0,3,soil_moisture_awc
combined_winter_barley,2011,26,77,2.0,3.0,1.0,0,3,yield_change
combined_winter_barley,2011,26,78,2.0,3.0,1.0,0,4,yield_change
combined_winter_barley,2011,27,64,1.0,0.0,-1.0,0,4,soil_moisture_awc
combined_winter_barley,2011,27,65,5.0,0.0,-5.0,0,4,soil_moisture_awc
combined_winter_barley,2011,27,66,5.0,0.0,-5.0,0,4,soil_moisture_awc
combined_winter_barley,2011,27,67,4.0,0.0,-4.0,0,4,soil_moisture_awc
combined_winter_barley,2011,27,68,2.0,0.0,-2.0,0,4,soil_moisture_awc
combined_winter_barley,2011,27,69,2.0,0.0,-2.0,0,4,soil_moisture_awc
combined_winter_barley,2011,27,70,4.0,0.0,-4.0,0,4,soil_moisture_awc
combined_winter_barley,2011,27,73,4.0,5.0,1.0,0,4,yield_change
combined_winter_barley,2011,27,78,2.0,0.0,-2.0,0,4,soil_moisture_awc
combined_winter_barley,2011,27,79,3.0,4.0,1.0,0,4,yield_change
combined_winter_barley,2011,27,80,4.0,5.0,1.0,0,4,yield_change
combined_winter_barley,2011,27,82,4.0,0.0,-4.0,0,4,soil_moisture_awc
combined_winter_barley,2011,28,64,1.0,0.0,-1.0,0,4,soil_moisture_awc
combined_winter_barley,2011,28,65,5.0,0.0,-5.0,0,4,soil_moisture_awc
combined_winter_barley,2011,28,66,5.0,0.0,-5.0,0,4,soil_moisture_awc
combined_winter_barley,2011,28,67,4.0,0.0,-4.0,0,4,soil_moisture_awc
combined_winter_barley,2011,28,68,4.0,0.0,-4.0,0,4,soil_moisture_awc
combined_winter_barley,2011,28,69,3.0,4.0,1.0,0,4,yield_change
combined_winter_barley,2011,28,73,3.0,4.0,1.0,0,4,yield_change
combined_winter_barley,2011,28,81,3.0,0.0,-3.0,0,4,soil_moisture_awc
combined_winter_barley,2011,28,83,3.0,0.0,-3.0,0,4,soil_moisture_awc
combined_winter_barley,2011,28,84,2.0,0.0,-2.0,0,4,soil_moisture_awc
combined_winter_barley,2011,29,65,1.0,0.0,-1.0,0,4,soil_moisture_awc
combined_winter_barley,2011,29,66,5.0,0.0,-5.0,0,4,soil_moisture_awc
combined_winter_barley,2011,29,67,4.0,0.0,-4.0,0,4,soil_moisture_awc
combined_winter_barley,2011,29,68,4.0,0.0,-4.0,0,4,soil_moisture_awc
combined_winter_barley,2011,29,69,5.0,0.0,-5.0,0,4,soil_moisture_awc
combined_winter_barley,2011,29,70,3.0,0.0,-3.0,0,4,soil_moisture_awc
combined_winter_barley,2011,29,71,3.0,0.0,-3.0,0,4,soil_moisture_awc
combined_winter_barley,2011,29,72,3.0,0.0,-3.0,0,4,soil_moisture_awc
combined_winter_barley,2011,29,77,2.0,0.0,-2.0,0,4,soil_moisture_awc
combined_winter_barley,2011,29,78,3.0,0.0,-3.0,0,4,soil_moisture_awc
combined_winter_barley,2011,29,79,2.0,0.0,-2.0,0,4,soil_moisture_awc
combined_winter_barley,2011,29,84,3.0,0.0,-3.0,0,4,soil_moisture_awc
combined_winter_barley,2011,30,65,1.0,0.0,-1.0,0,4,soil_moisture_awc
combined_winter_barley,2011,30,66,5.0,0.0,-5.0,0,4,soil_moisture_awc
combined_winter_barley,2011,30,67,5.0,0.0,-5.0,0,4,soil_moisture_awc
combined_winter_barley,2011,30,68,4.0,0.0,-4.0,0,4,soil_moisture_awc
combined_winter_barley,2011,30,69,5.0,0.0,-5.0,0,4,soil_moisture_awc
combined_winter_barley,2011,30,70,5.0,0.0,-5.0,0,4,soil_moisture_awc
combined_winter_barley,2011,30,71,3.0,4.0,1.0,0,4,yield_change
combined_winter_barley,2011,30,78,3.0,0.0,-3.0,0,4,soil_moisture_awc
combined_winter_barley,2011,30,84,2.0,0.0,-2.0,0,4,soil_moisture_awc
combined_winter_barley,2011,31,65,1.0,0.0,-1.0,0,4,soil_moisture_awc
combined_winter_barley,2011,31,66,3.0,0.0,-3.0,0,4,soil_moisture_awc
combined_winter_barley,2011,31,67,4.0,0.0,-4.0,0,4,soil_moisture_awc
combined_winter_barley,2011,31,68,3.0,0.0,-3.0,0,4,soil_moisture_awc
combined_winter_barley,2011,31,69,5.0,0.0,-5.0,0,4,soil_moisture_awc
combined_winter_barley,2011,31,70,5.0,0.0,-5.0,0,4,soil_moisture_awc
combined_winter_barley,2011,31,71,3.0,4.0,1.0,0,4,yield_change
combined_winter_barley,2011,31,77,3.0,0.0,-3.0,0,4,soil_moisture_awc
combined_winter_barley,2011,31,78,3.0,0.0,-3.0,0,4,soil_moisture_awc
combined_winter_barley,2011,32,71,3.0,5.0,2.0,0,4,yield_change
combined_winter_barley,2011,32,72,3.0,4.0,1.0,0,4,yield_change
combined_winter_barley,2011,32,78,2.0,0.0,-2.0,0,4,soil_moisture_awc
combined_winter_barley,2011,33,69,2.0,0.0,-2.0,0,4,soil_moisture_awc
combined_winter_barley,2011,33,72,3.0,5.0,2.0,0,4,yield_change
combined_winter_barley,2011,33,73,3.0,5.0,2.0,0,4,yield_change
combined_winter_barley,2011,34,72,4.0,5.0,1.0,0,4,yield_change
combined_winter_barley,2011,34,74,1.0,0.0,-1.0,0,4,soil_moisture_awc
combined_winter_barley,2012,23,36,2.0,0.0,-2.0,0,4,soil_moisture_awc
combined_winter_barley,2012,23,37,4.0,0.0,-4.0,0,4,soil_moisture_awc
combined_winter_barley,2012,23,43,1.0,0.0,-1.0,0,3,soil_moisture_awc
combined_winter_barley,2012,24,40,3.0,0.0,-3.0,0,4,soil_moisture_awc
combined_winter_barley,2012,24,41,3.0,0.0,-3.0,0,4,soil_moisture_awc
combined_winter_barley,2012,24,42,5.0,0.0,-5.0,0,4,soil_moisture_awc
combined_winter_barley,2012,24,43,5.0,0.0,-5.0,0,4,soil_moisture_awc
combined_winter_barley,2012,24,45,4.0,0.0,-4.0,0,4,soil_moisture_awc
combined_winter_barley,2012,24,46,1.0,0.0,-1.0,0,3,soil_moisture_awc
combined_winter_barley,2012,24,47,1.0,0.0,-1.0,0,3,soil_moisture_awc
combined_winter_barley,2012,25,41,3.0,0.0,-3.0,0,4,soil_moisture_awc
combined_winter_barley,2012,26,64,1.0,0.0,-1.0,0,4,soil_moisture_awc
combined_winter_barley,2012,26,65,1.0,0.0,-1.0,0,4,soil_moisture_awc
combined_winter_barley,2012,26,66,1.0,0.0,-1.0,0,4,soil_moisture_awc
combined_winter_barley,2012,26,70,1.0,0.0,-1.0,0,3,soil_moisture_awc
combined_winter_barley,2012,27,64,1.0,0.0,-1.0,0,4,soil_moisture_awc
combined_winter_barley,2012,27,65,1.0,0.0,-1.0,0,4,soil_moisture_awc
combined_winter_barley,2012,27,66,1.0,0.0,-1.0,0,4,soil_moisture_awc
combined_winter_barley,2012,27,67,1.0,0.0,-1.0,0,4,soil_moisture_awc
combined_winter_barley,2012,27,68,1.0,0.0,-1.0,0,4,soil_moisture_awc
combined_winter_barley,2012,27,69,1.0,0.0,-1.0,0,4,soil_moisture_awc
combined_winter_barley,2012,27,71,1.0,0.0,-1.0,0,4,soil_moisture_awc
combined_winter_barley,2012,27,78,3.0,0.0,-3.0,0,4,soil_moisture_awc
combined_winter_barley,2012,27,79,4.0,5.0,1.0,0,4,yield_change
combined_winter_barley,2012,28,65,1.0,0.0,-1.0,0,4,soil_moisture_awc
combined_winter_barley,2012,28,66,1.0,0.0,-1.0,0,4,soil_moisture_awc
combined_winter_barley,2012,28,67,1.0,0.0,-1.0,0,4,soil_moisture_awc
combined_winter_barley,2012,28,68,1.0,0.0,-1.0,0,4,soil_moisture_awc
combined_winter_barley,2012,28,72,3.0,0.0,-3.0,0,4,soil_moisture_awc
combined_winter_barley,2012,28,73,3.0,4.0,1.0,0,4,yield_change
combined_winter_barley,2012,28,81,4.0,5.0,1.0,0,4,yield_change
combined_winter_barley,2012,29,65,1.0,0.0,-1.0,0,4,soil_moisture_awc
combined_winter_barley,2012,29,66,1.0,0.0,-1.0,0,4,soil_moisture_awc
combined_winter_barley,2012,29,67,1.0,0.0,-1.0,0,4,soil_moisture_awc
combined_winter_barley,2012,29,68,1.0,0.0,-1.0,0,4,soil_moisture_awc
combined_winter_barley,2012,29,69,1.0,0.0,-1.0,0,4,soil_moisture_awc
combined_winter_barley,2012,29,70,1.0,0.0,-1.0,0,4,soil_moisture_awc
combined_winter_barley,2012,29,71,1.0,0.0,-1.0,0,4,soil_moisture_awc
combined_winter_barley,2012,29,72,1.0,0.0,-1.0,0,4,soil_moisture_awc
combined_winter_barley,2012,29,77,2.0,0.0,-2.0,0,4,soil_moisture_awc
combined_winter_barley,2012,29,78,3.0,4.0,1.0,0,4,yield_change
combined_winter_barley,2012,29,80,4.0,5.0,1.0,0,4,yield_change
combined_winter_barley,2012,29,84,4.0,5.0,1.0,0,4,yield_change
combined_winter_barley,2012,30,65,1.0,0.0,-1.0,0,4,soil_moisture_awc
combined_winter_barley,2012,30,66,1.0,0.0,-1.0,0,4,soil_moisture_awc
combined_winter_barley,2012,30,67,1.0,0.0,-1.0,0,4,soil_moisture_awc
combined_winter_barley,2012,30,68,1.0,0.0,-1.0,0,4,soil_moisture_awc
combined_winter_barley,2012,30,69,1.0,0.0,-1.0,0,4,soil_moisture_awc
combined_winter_barley,2012,30,70,1.0,0.0,-1.0,0,4,soil_moisture_awc
combined_winter_barley,2012,30,71,1.0,0.0,-1.0,0,4,soil_moisture_awc
combined_winter_barley,2012,30,75,2.0,0.0,-2.0,0,4,soil_moisture_awc
combined_winter_barley,2012,30,78,4.0,5.0,1.0,0,4,yield_change
combined_winter_barley,2012,30,84,4.0,5.0,1.0,0,4,yield_change
combined_winter_barley,2012,31,65,1.0,0.0,-1.0,0,4,soil_moisture_awc
combined_winter_barley,2012,31,66,1.0,0.0,-1.0,0,4,soil_moisture_awc
combined_winter_barley,2012,31,67,1.0,0.0,-1.0,0,4,soil_moisture_awc
combined_winter_barley,2012,31,68,1.0,0.0,-1.0,0,4,soil_moisture_awc
combined_winter_barley,2012,31,69,1.0,0.0,-1.0,0,4,soil_moisture_awc
combined_winter_barley,2012,31,70,1.0,0.0,-1.0,0,4,soil_moisture_awc
combined_winter_barley,2012,31,71,1.0,0.0,-1.0,0,4,soil_moisture_awc
combined_winter_barley,2012,31,77,4.0,0.0,-4.0,0,4,soil_moisture_awc
combined_winter_barley,2012,31,78,4.0,5.0,1.0,0,4,yield_change
combined_winter_barley,2012,32,70,1.0,0.0,-1.0,0,4,soil_moisture_awc
combined_winter_barley,2012,32,71,4.0,0.0,-4.0,0,4,soil_moisture_awc
combined_winter_barley,2012,32,78,2.0,3.0,1.0,0,4,yield_change
combined_winter_barley,2012,32,79,4.0,5.0,1.0,0,4,yield_change
combined_winter_barley,2012,34,72,4.0,0.0,-4.0,0,4,soil_moisture_awc
combined_winter_barley,2012,36,85,1.0,0.0,-1.0,0,4,soil_moisture_awc
combined_winter_barley,2013,8,46,0.0,1.0,1.0,0,3,yield_change
combined_winter_barley,2013,24,53,0.0,1.0,1.0,0,4,yield_change
combined_winter_barley,2013,25,56,0.0,1.0,1.0,0,4,yield_change
combined_winter_barley,2013,25,57,0.0,1.0,1.0,0,4,yield_change
combined_winter_barley,2013,25,65,0.0,1.0,1.0,0,4,yield_change
combined_winter_barley,2013,25,66,1.0,0.0,-1.0,0,4,soil_moisture_awc
combined_winter_barley,2013,26,57,0.0,1.0,1.0,0,4,yield_change
combined_winter_barley,2013,26,58,0.0,1.0,1.0,0,4,yield_change
combined_winter_barley,2013,26,59,0.0,1.0,1.0,0,4,yield_change
combined_winter_barley,2013,26,66,1.0,0.0,-1.0,0,4,soil_moisture_awc
combined_winter_barley,2013,27,59,0.0,1.0,1.0,0,4,yield_change
combined_winter_barley,2013,27,66,1.0,0.0,-1.0,0,4,soil_moisture_awc
combined_winter_barley,2013,27,67,1.0,0.0,-1.0,0,4,soil_moisture_awc
combined_winter_barley,2013,27,68,1.0,0.0,-1.0,0,4,soil_moisture_awc
combined_winter_barley,2013,27,69,1.0,0.0,-1.0,0,4,soil_moisture_awc
combined_winter_barley,2013,27,78,3.0,0.0,-3.0,0,4,soil_moisture_awc
combined_winter_barley,2013,27,79,4.0,5.0,1.0,0,4,yield_change
combined_winter_barley,2013,27,83,1.0,0.0,-1.0,0,4,soil_moisture_awc
combined_winter_barley,2013,28,59,0.0,1.0,1.0,0,4,yield_change
combined_winter_barley,2013,28,66,1.0,0.0,-1.0,0,4,soil_moisture_awc
combined_winter_barley,2013,28,67,1.0,0.0,-1.0,0,4,soil_moisture_awc
combined_winter_barley,2013,28,68,1.0,0.0,-1.0,0,4,soil_moisture_awc
combined_winter_barley,2013,28,81,4.0,5.0,1.0,0,4,yield_change
combined_winter_barley,2013,29,66,1.0,0.0,-1.0,0,4,soil_moisture_awc
combined_winter_barley,2013,29,67,1.0,0.0,-1.0,0,4,soil_moisture_awc
combined_winter_barley,2013,29,68,1.0,0.0,-1.0,0,4,soil_moisture_awc
combined_winter_barley,2013,29,69,1.0,0.0,-1.0,0,4,soil_moisture_awc
combined_winter_barley,2013,29,70,1.0,0.0,-1.0,0,4,soil_moisture_awc
combined_winter_barley,2013,29,80,4.0,5.0,1.0,0,4,yield_change
combined_winter_barley,2013,29,84,4.0,5.0,1.0,0,4,yield_change
combined_winter_barley,2013,30,61,0.0,1.0,1.0,0,4,yield_change
combined_winter_barley,2013,30,66,1.0,0.0,-1.0,0,4,soil_moisture_awc
combined_winter_barley,2013,30,67,1.0,0.0,-1.0,0,4,soil_moisture_awc
combined_winter_barley,2013,30,68,1.0,0.0,-1.0,0,4,soil_moisture_awc
combined_winter_barley,2013,30,69,1.0,0.0,-1.0,0,4,soil_moisture_awc
combined_winter_barley,2013,30,70,1.0,0.0,-1.0,0,4,soil_moisture_awc
combined_winter_barley,2013,30,75,2.0,3.0,1.0,0,4,yield_change
combined_winter_barley,2013,30,78,4.0,5.0,1.0,0,4,yield_change
combined_winter_barley,2013,30,84,4.0,5.0,1.0,0,4,yield_change
combined_winter_barley,2013,31,68,1.0,0.0,-1.0,0,4,soil_moisture_awc
combined_winter_barley,2013,31,69,1.0,0.0,-1.0,0,4,soil_moisture_awc
combined_winter_barley,2013,31,70,1.0,0.0,-1.0,0,4,soil_moisture_awc
combined_winter_barley,2013,31,77,3.0,4.0,1.0,0,4,yield_change
combined_winter_barley,2013,31,78,3.0,5.0,2.0,0,4,yield_change
combined_winter_barley,2013,32,71,1.0,0.0,-1.0,0,4,soil_moisture_awc
combined_winter_barley,2013,32,78,2.0,3.0,1.0,0,4,yield_change
combined_winter_barley,2013,32,79,4.0,5.0,1.0,0,4,yield_change
combined_winter_barley,2014,21,75,1.0,0.0,-1.0,0,3,soil_moisture_awc
combined_winter_barley,2014,24,53,0.0,4.0,4.0,0,4,yield_change
combined_winter_barley,2014,25,57,0.0,2.0,2.0,0,4,yield_change
combined_winter_barley,2014,25,65,0.0,5.0,5.0,0,4,yield_change
combined_winter_barley,2014,25,66,5.0,0.0,-5.0,0,4,soil_moisture_awc
combined_winter_barley,2014,25,67,1.0,0.0,-1.0,0,4,soil_moisture_awc
combined_winter_barley,2014,26,64,5.0,0.0,-5.0,0,4,soil_moisture_awc
combined_winter_barley,2014,26,68,1.0,0.0,-1.0,0,4,soil_moisture_awc
combined_winter_barley,2014,27,65,5.0,0.0,-5.0,0,4,soil_moisture_awc
combined_winter_barley,2014,27,66,5.0,0.0,-5.0,0,4,soil_moisture_awc
combined_winter_barley,2014,27,67,5.0,0.0,-5.0,0,4,soil_moisture_awc
combined_winter_barley,2014,27,68,1.0,0.0,-1.0,0,4,soil_moisture_awc
combined_winter_barley,2014,27,69,1.0,0.0,-1.0,0,4,soil_moisture_awc
combined_winter_barley,2014,27,78,2.0,0.0,-2.0,0,4,soil_moisture_awc
combined_winter_barley,2014,28,65,5.0,0.0,-5.0,0,4,soil_moisture_awc
combined_winter_barley,2014,28,66,5.0,0.0,-5.0,0,4,soil_moisture_awc
combined_winter_barley,2014,28,67,5.0,0.0,-5.0,0,4,soil_moisture_awc
combined_winter_barley,2014,28,68,5.0,0.0,-5.0,0,4,soil_moisture_awc
combined_winter_barley,2014,28,69,1.0,0.0,-1.0,0,4,soil_moisture_awc
combined_winter_barley,2014,28,70,1.0,0.0,-1.0,0,4,soil_moisture_awc
combined_winter_barley,2014,28,72,3.0,0.0,-3.0,0,4,soil_moisture_awc
combined_winter_barley,2014,28,73,2.0,3.0,1.0,0,4,yield_change
combined_winter_barley,2014,29,61,0.0,5.0,5.0,0,4,yield_change
combined_winter_barley,2014,29,65,5.0,0.0,-5.0,0,4,soil_moisture_awc
combined_winter_barley,2014,29,66,5.0,0.0,-5.0,0,4,soil_moisture_awc
combined_winter_barley,2014,29,67,5.0,0.0,-5.0,0,4,soil_moisture_awc
combined_winter_barley,2014,29,68,5.0,0.0,-5.0,0,4,soil_moisture_awc
combined_winter_barley,2014,29,69,5.0,0.0,-5.0,0,4,soil_moisture_awc
combined_winter_barley,2014,29,70,1.0,0.0,-1.0,0,4,soil_moisture_awc
combined_winter_barley,2014,29,71,1.0,0.0,-1.0,0,4,soil_moisture_awc
combined_winter_barley,2014,29,72,1.0,0.0,-1.0,0,4,soil_moisture_awc
combined_winter_barley,2014,29,78,2.0,3.0,1.0,0,4,yield_change
combined_winter_barley,2014,29,79,2.0,3.0,1.0,0,4,yield_change
combined_winter_barley,2014,30,61,0.0,4.0,4.0,0,4,yield_change
combined_winter_barley,2014,30,62,0.0,4.0,4.0,0,4,yield_change
combined_winter_barley,2014,30,63,5.0,0.0,-5.0,0,4,soil_moisture_awc
combined_winter_barley,2014,30,64,5.0,0.0,-5.0,0,4,soil_moisture_awc
combined_winter_barley,2014,30,65,5.0,0.0,-5.0,0,4,soil_moisture_awc
combined_winter_barley,2014,30,66,5.0,0.0,-5.0,0,4,soil_moisture_awc
combined_winter_barley,2014,30,67,5.0,0.0,-5.0,0,4,soil_moisture_awc
combined_winter_barley,2014,30,68,5.0,0.0,-5.0,0,4,soil_moisture_awc
combined_winter_barley,2014,30,69,5.0,0.0,-5.0,0,4,soil_moisture_awc
combined_winter_barley,2014,30,70,5.0,0.0,-5.0,0,4,soil_moisture_awc
combined_winter_barley,2014,30,71,1.0,0.0,-1.0,0,4,soil_moisture_awc
combined_winter_barley,2014,31,65,3.0,4.0,1.0,0,4,yield_change
combined_winter_barley,2014,31,68,3.0,0.0,-3.0,0,4,soil_moisture_awc
combined_winter_barley,2014,31,69,5.0,0.0,-5.0,0,4,soil_moisture_awc
combined_winter_barley,2014,31,70,5.0,0.0,-5.0,0,4,soil_moisture_awc
combined_winter_barley,2014,31,71,1.0,0.0,-1.0,0,4,soil_moisture_awc
combined_winter_barley,2014,31,72,1.0,0.0,-1.0,0,4,soil_moisture_awc
combined_winter_barley,2014,31,77,2.0,0.0,-2.0,0,4,soil_moisture_awc
combined_winter_barley,2014,31,78,2.0,4.0,2.0,0,4,yield_change
combined_winter_barley,2014,32,72,1.0,0.0,-1.0,0,4,soil_moisture_awc
combined_winter_barley,2014,32,78,2.0,0.0,-2.0,0,4,soil_moisture_awc
combined_winter_barley,2014,32,79,2.0,0.0,-2.0,0,4,soil_moisture_awc
combined_winter_barley,2014,33,72,1.0,0.0,-1.0,0,4,soil_moisture_awc
combined_winter_barley,2014,33,73,1.0,0.0,-1.0,0,4,soil_moisture_awc
combined_winter_barley,2014,34,72,3.0,0.0,-3.0,0,4,soil_moisture_awc
combined_winter_barley,2014,34,74,1.0,0.0,-1.0,0,4,soil_moisture_awc
combined_winter_barley,2015,24,45,3.0,0.0,-3.0,0,4,soil_moisture_awc
combined_winter_barley,2015,24,52,1.0,0.0,-1.0,0,4,soil_moisture_awc
combined_winter_barley,2015,24,56,2.0,0.0,-2.0,0,4,soil_moisture_awc
combined_winter_barley,2015,24,57,2.0,3.0,1.0,0,4,yield_change
combined_winter_barley,2015,24,65,2.0,0.0,-2.0,0,4,soil_moisture_awc
combined_winter_barley,2015,25,53,1.0,0.0,-1.0,0,4,soil_moisture_awc
combined_winter_barley,2015,25,60,2.0,3.0,1.0,0,4,yield_change
combined_winter_barley,2015,25,63,4.0,0.0,-4.0,0,4,soil_moisture_awc
combined_winter_barley,2015,25,68,2.0,3.0,1.0,0,4,yield_change
combined_winter_barley,2015,25,69,2.0,3.0,1.0,0,4,yield_change
combined_winter_barley,2015,26,47,2.0,0.0,-2.0,0,4,soil_moisture_awc
combined_winter_barley,2015,26,58,2.0,3.0,1.0,0,4,yield_change
combined_winter_barley,2015,26,61,5.0,0.0,-5.0,0,4,soil_moisture_awc
combined_winter_barley,2015,26,62,5.0,0.0,-5.0,0,4,soil_moisture_awc
combined_winter_barley,2015,26,63,5.0,0.0,-5.0,0,4,soil_moisture_awc
combined_winter_barley,2015,26,64,5.0,0.0,-5.0,0,4,soil_moisture_awc
combined_winter_barley,2015,26,65,5.0,0.0,-5.0,0,4,soil_moisture_awc
combined_winter_barley,2015,26,66,5.0,0.0,-5.0,0,4,soil_moisture_awc
combined_winter_barley,2015,26,69,3.0,4.0,1.0,0,4,yield_change
combined_winter_barley,2015,26,72,1.0,0.0,-1.0,0,4,soil_moisture_awc
combined_winter_barley,2015,26,78,0.0,2.0,2.0,0,4,yield_change
combined_winter_barley,2015,26,79,2.0,0.0,-2.0,0,4,soil_moisture_awc
combined_winter_barley,2015,27,47,1.0,0.0,-1.0,0,4,soil_moisture_awc
combined_winter_barley,2015,27,48,1.0,0.0,-1.0,0,4,soil_moisture_awc
combined_winter_barley,2015,27,57,2.0,0.0,-2.0,0,4,soil_moisture_awc
combined_winter_barley,2015,27,61,2.0,3.0,1.0,0,4,yield_change
combined_winter_barley,2015,27,63,5.0,0.0,-5.0,0,4,soil_moisture_awc
combined_winter_barley,2015,27,64,5.0,0.0,-5.0,0,4,soil_moisture_awc
combined_winter_barley,2015,27,65,5.0,0.0,-5.0,0,4,soil_moisture_awc
combined_winter_barley,2015,27,66,5.0,0.0,-5.0,0,4,soil_moisture_awc
combined_winter_barley,2015,27,67,5.0,0.0,-5.0,0,4,soil_moisture_awc
combined_winter_barley,2015,27,68,3.0,0.0,-3.0,0,4,soil_moisture_awc
combined_winter_barley,2015,27,69,2.0,0.0,-2.0,0,4,soil_moisture_awc
combined_winter_barley,2015,27,71,2.0,0.0,-2.0,0,4,soil_moisture_awc
combined_winter_barley,2015,27,72,3.0,4.0,1.0,0,4,yield_change
combined_winter_barley,2015,27,73,3.0,0.0,-3.0,0,4,soil_moisture_awc
combined_winter_barley,2015,27,78,2.0,0.0,-2.0,0,4,soil_moisture_awc
combined_winter_barley,2015,27,79,3.0,0.0,-3.0,0,4,soil_moisture_awc
combined_winter_barley,2015,28,59,3.0,4.0,1.0,0,4,yield_change
combined_winter_barley,2015,28,60,5.0,0.0,-5.0,0,4,soil_moisture_awc
combined_winter_barley,2015,28,61,5.0,0.0,-5.0,0,4,soil_moisture_awc
combined_winter_barley,2015,28,62,5.0,0.0,-5.0,0,4,soil_moisture_awc
combined_winter_barley,2015,28,63,5.0,0.0,-5.0,0,4,soil_moisture_awc
combined_winter_barley,2015,28,64,5.0,0.0,-5.0,0,4,soil_moisture_awc
combined_winter_barley,2015,28,65,5.0,0.0,-5.0,0,4,soil_moisture_awc
combined_winter_barley,2015,28,66,5.0,0.0,-5.0,0,4,soil_moisture_awc
combined_winter_barley,2015,28,67,5.0,0.0,-5.0,0,4,soil_moisture_awc
combined_winter_barley,2015,28,68,5.0,0.0,-5.0,0,4,soil_moisture_awc
combined_winter_barley,2015,28,72,2.0,0.0,-2.0,0,4,soil_moisture_awc
combined_winter_barley,2015,28,73,2.0,0.0,-2.0,0,4,soil_moisture_awc
combined_winter_barley,2015,28,81,3.0,0.0,-3.0,0,4,soil_moisture_awc
combined_winter_barley,2015,29,60,3.0,0.0,-3.0,0,4,soil_moisture_awc
combined_winter_barley,2015,29,61,5.0,0.0,-5.0,0,4,soil_moisture_awc
combined_winter_barley,2015,29,62,5.0,0.0,-5.0,0,4,soil_moisture_awc
combined_winter_barley,2015,29,63,5.0,0.0,-5.0,0,4,soil_moisture_awc
combined_winter_barley,2015,29,64,5.0,0.0,-5.0,0,4,soil_moisture_awc
combined_winter_barley,2015,29,65,5.0,0.0,-5.0,0,4,soil_moisture_awc
combined_winter_barley,2015,29,66,5.0,0.0,-5.0,0,4,soil_moisture_awc
combined_winter_barley,2015,29,67,5.0,0.0,-5.0,0,4,soil_moisture_awc
combined_winter_barley,2015,29,68,5.0,0.0,-5.0,0,4,soil_moisture_awc
combined_winter_barley,2015,29,69,5.0,0.0,-5.0,0,4,soil_moisture_awc
combined_winter_barley,2015,29,70,3.0,0.0,-3.0,0,4,soil_moisture_awc
combined_winter_barley,2015,30,61,3.0,4.0,1.0,0,4,yield_change
combined_winter_barley,2015,30,62,3.0,0.0,-3.0,0,4,soil_moisture_awc
combined_winter_barley,2015,30,63,5.0,0.0,-5.0,0,4,soil_moisture_awc
combined_winter_barley,2015,30,64,5.0,0.0,-5.0,0,4,soil_moisture_awc
combined_winter_barley,2015,30,65,5.0,0.0,-5.0,0,4,soil_moisture_awc
combined_winter_barley,2015,30,66,5.0,0.0,-5.0,0,4,soil_moisture_awc
combined_winter_barley,2015,30,67,5.0,0.0,-5.0,0,4,soil_moisture_awc
combined_winter_barley,2015,30,68,5.0,0.0,-5.0,0,4,soil_moisture_awc
combined_winter_barley,2015,30,69,5.0,0.0,-5.0,0,4,soil_moisture_awc
combined_winter_barley,2015,30,70,5.0,0.0,-5.0,0,4,soil_moisture_awc
combined_winter_barley,2015,31,62,1.0,0.0,-1.0,0,4,soil_moisture_awc
combined_winter_barley,2015,31,63,4.0,0.0,-4.0,0,4,soil_moisture_awc
combined_winter_barley,2015,31,64,4.0,0.0,-4.0,0,4,soil_moisture_awc
combined_winter_barley,2015,31,65,3.0,4.0,1.0,0,4,yield_change
combined_winter_barley,2015,31,66,4.0,0.0,-4.0,0,4,soil_moisture_awc
combined_winter_barley,2015,31,67,5.0,0.0,-5.0,0,4,soil_moisture_awc
combined_winter_barley,2015,31,68,3.0,0.0,-3.0,0,4,soil_moisture_awc
combined_winter_barley,2015,31,69,5.0,0.0,-5.0,0,4,soil_moisture_awc
combined_winter_barley,2015,31,70,5.0,0.0,-5.0,0,4,soil_moisture_awc
combined_winter_barley,2015,31,71,3.0,0.0,-3.0,0,4,soil_moisture_awc
combined_winter_barley,2015,32,65,1.0,0.0,-1.0,0,4,soil_moisture_awc
combined_winter_barley,2015,32,66,1.0,0.0,-1.0,0,4,soil_moisture_awc
combined_winter_barley,2015,32,67,1.0,0.0,-1.0,0,4,soil_moisture_awc
combined_winter_barley,2015,32,70,3.0,4.0,1.0,0,4,yield_change
combined_winter_barley,2015,33,63,3.0,0.0,-3.0,0,4,soil_moisture_awc
combined_winter_barley,2015,33,67,4.0,0.0,-4.0,0,4,soil_moisture_awc
combined_winter_barley,2016,19,80,1.0,0.0,-1.0,0,4,soil_moisture_awc
combined_winter_barley,2016,23,78,1.0,2.0,1.0,0,4,yield_change
combined_winter_barley,2016,24,52,4.0,0.0,-4.0,0,4,soil_moisture_awc
combined_winter_barley,2016,25,61,5.0,0.0,-5.0,0,4,soil_moisture_awc
combined_winter_barley,2016,25,63,5.0,0.0,-5.0,0,4,soil_moisture_awc
combined_winter_barley,2016,25,64,5.0,0.0,-5.0,0,4,soil_moisture_awc
combined_winter_barley,2016,25,66,5.0,0.0,-5.0,0,4,soil_moisture_awc
combined_winter_barley,2016,25,67,3.0,0.0,-3.0,0,4,soil_moisture_awc
combined_winter_barley,2016,25,68,3.0,0.0,-3.0,0,4,soil_moisture_awc
combined_winter_barley,2016,26,56,3.0,0.0,-3.0,0,4,soil_moisture_awc
combined_winter_barley,2016,26,58,3.0,4.0,1.0,0,4,yield_change
combined_winter_barley,2016,26,59,3.0,4.0,1.0,0,4,yield_change
combined_winter_barley,2016,26,61,5.0,0.0,-5.0,0,4,soil_moisture_awc
combined_winter_barley,2016,26,62,5.0,0.0,-5.0,0,4,soil_moisture_awc
combined_winter_barley,2016,26,63,5.0,0.0,-5.0,0,4,soil_moisture_awc
combined_winter_barley,2016,26,64,5.0,0.0,-5.0,0,4,soil_moisture_awc
combined_winter_barley,2016,26,65,5.0,0.0,-5.0,0,4,soil_moisture_awc
combined_winter_barley,2016,26,66,4.0,0.0,-4.0,0,4,soil_moisture_awc
combined_winter_barley,2016,26,67,5.0,0.0,-5.0,0,4,soil_moisture_awc
combined_winter_barley,2016,26,68,2.0,0.0,-2.0,0,4,soil_moisture_awc
combined_winter_barley,2016,26,79,2.0,0.0,-2.0,0,4,soil_moisture_awc
combined_winter_barley,2016,27,56,1.0,0.0,-1.0,0,4,soil_moisture_awc
combined_winter_barley,2016,27,63,5.0,0.0,-5.0,0,4,soil_moisture_awc
combined_winter_barley,2016,27,64,5.0,0.0,-5.0,0,4,soil_moisture_awc
combined_winter_barley,2016,27,65,5.0,0.0,-5.0,0,4,soil_moisture_awc
combined_winter_barley,2016,27,66,5.0,0.0,-5.0,0,4,soil_moisture_awc
combined_winter_barley,2016,27,67,4.0,0.0,-4.0,0,4,soil_moisture_awc
combined_winter_barley,2016,27,68,2.0,0.0,-2.0,0,4,soil_moisture_awc
combined_winter_barley,2016,27,69,2.0,0.0,-2.0,0,4,soil_moisture_awc
combined_winter_barley,2016,27,78,2.0,0.0,-2.0,0,4,soil_moisture_awc
combined_winter_barley,2016,27,79,2.0,3.0,1.0,0,4,yield_change
combined_winter_barley,2016,27,80,3.0,4.0,1.0,0,4,yield_change
combined_winter_barley,2016,27,82,3.0,4.0,1.0,0,4,yield_change
combined_winter_barley,2016,28,58,3.0,0.0,-3.0,0,4,soil_moisture_awc
combined_winter_barley,2016,28,59,3.0,4.0,1.0,0,4,yield_change
combined_winter_barley,2016,28,60,5.0,0.0,-5.0,0,4,soil_moisture_awc
combined_winter_barley,2016,28,61,5.0,0.0,-5.0,0,4,soil_moisture_awc
combined_winter_barley,2016,28,62,5.0,0.0,-5.0,0,4,soil_moisture_awc
combined_winter_barley,2016,28,63,5.0,0.0,-5.0,0,4,soil_moisture_awc
combined_winter_barley,2016,28,64,5.0,0.0,-5.0,0,4,soil_moisture_awc
combined_winter_barley,2016,28,65,5.0,0.0,-5.0,0,4,soil_moisture_awc
combined_winter_barley,2016,28,66,5.0,0.0,-5.0,0,4,soil_moisture_awc
combined_winter_barley,2016,28,67,5.0,0.0,-5.0,0,4,soil_moisture_awc
combined_winter_barley,2016,28,68,4.0,0.0,-4.0,0,4,soil_moisture_awc
combined_winter_barley,2016,28,69,2.0,3.0,1.0,0,4,yield_change
combined_winter_barley,2016,28,72,2.0,0.0,-2.0,0,4,soil_moisture_awc
combined_winter_barley,2016,28,73,2.0,3.0,1.0,0,4,yield_change
combined_winter_barley,2016,28,81,2.0,3.0,1.0,0,4,yield_change
combined_winter_barley,2016,28,83,3.0,4.0,1.0,0,4,yield_change
combined_winter_barley,2016,29,60,4.0,0.0,-4.0,0,4,soil_moisture_awc
combined_winter_barley,2016,29,62,5.0,0.0,-5.0,0,4,soil_moisture_awc
combined_winter_barley,2016,29,63,5.0,0.0,-5.0,0,4,soil_moisture_awc
combined_winter_barley,2016,29,64,5.0,0.0,-5.0,0,4,soil_moisture_awc
combined_winter_barley,2016,29,65,5.0,0.0,-5.0,0,4,soil_moisture_awc
combined_winter_barley,2016,29,66,5.0,0.0,-5.0,0,4,soil_moisture_awc
combined_winter_barley,2016,29,67,5.0,0.0,-5.0,0,4,soil_moisture_awc
combined_winter_barley,2016,29,68,5.0,0.0,-5.0,0,4,soil_moisture_awc
combined_winter_barley,2016,29,69,5.0,0.0,-5.0,0,4,soil_moisture_awc
combined_winter_barley,2016,29,70,3.0,0.0,-3.0,0,4,soil_moisture_awc
combined_winter_barley,2016,29,71,2.0,3.0,1.0,0,4,yield_change
combined_winter_barley,2016,29,78,2.0,0.0,-2.0,0,4,soil_moisture_awc
combined_winter_barley,2016,29,79,2.0,0.0,-2.0,0,4,soil_moisture_awc
combined_winter_barley,2016,29,80,2.0,3.0,1.0,0,4,yield_change
combined_winter_barley,2016,29,84,2.0,3.0,1.0,0,4,yield_change
combined_winter_barley,2016,30,55,1.0,0.0,-1.0,0,4,soil_moisture_awc
combined_winter_barley,2016,30,56,1.0,0.0,-1.0,0,4,soil_moisture_awc
combined_winter_barley,2016,30,57,1.0,0.0,-1.0,0,4,soil_moisture_awc
combined_winter_barley,2016,30,58,2.0,0.0,-2.0,0,4,soil_moisture_awc
combined_winter_barley,2016,30,61,3.0,4.0,1.0,0,4,yield_change
combined_winter_barley,2016,30,62,3.0,4.0,1.0,0,4,yield_change
combined_winter_barley,2016,30,63,5.0,0.0,-5.0,0,4,soil_moisture_awc
combined_winter_barley,2016,30,64,5.0,0.0,-5.0,0,4,soil_moisture_awc
combined_winter_barley,2016,30,65,5.0,0.0,-5.0,0,4,soil_moisture_awc
combined_winter_barley,2016,30,66,5.0,0.0,-5.0,0,4,soil_moisture_awc
combined_winter_barley,2016,30,67,5.0,0.0,-5.0,0,4,soil_moisture_awc
combined_winter_barley,2016,30,68,5.0,0.0,-5.0,0,4,soil_moisture_awc
combined_winter_barley,2016,30,69,5.0,0.0,-5.0,0,4,soil_moisture_awc
combined_winter_barley,2016,30,70,5.0,0.0,-5.0,0,4,soil_moisture_awc
combined_winter_barley,2016,30,71,2.0,3.0,1.0,0,4,yield_change
combined_winter_barley,2016,30,78,2.0,0.0,-2.0,0,4,soil_moisture_awc
combined_winter_barley,2016,30,84,2.0,3.0,1.0,0,4,yield_change
combined_winter_barley,2016,31,57,1.0,0.0,-1.0,0,4,soil_moisture_awc
combined_winter_barley,2016,31,58,1.0,0.0,-1.0,0,4,soil_moisture_awc
combined_winter_barley,2016,31,63,3.0,0.0,-3.0,0,4,soil_moisture_awc
combined_winter_barley,2016,31,64,4.0,5.0,1.0,0,4,yield_change
combined_winter_barley,2016,31,65,3.0,4.0,1.0,0,4,yield_change
combined_winter_barley,2016,31,66,3.0,4.0,1.0,0,4,yield_change
combined_winter_barley,2016,31,67,4.0,5.0,1.0,0,4,yield_change
combined_winter_barley,2016,31,68,3.0,0.0,-3.0,0,4,soil_moisture_awc
combined_winter_barley,2016,31,69,5.0,0.0,-5.0,0,4,soil_moisture_awc
combined_winter_barley,2016,31,70,5.0,0.0,-5.0,0,4,soil_moisture_awc
combined_winter_barley,2016,31,77,2.0,0.0,-2.0,0,4,soil_moisture_awc
combined_winter_barley,2016,31,78,3.0,0.0,-3.0,0,4,soil_moisture_awc
combined_winter_barley,2016,32,58,2.0,0.0,-2.0,0,4,soil_moisture_awc
combined_winter_barley,2016,32,59,1.0,0.0,-1.0,0,4,soil_moisture_awc
combined_winter_barley,2016,32,60,2.0,0.0,-2.0,0,4,soil_moisture_awc
combined_winter_barley,2016,32,65,1.0,0.0,-1.0,0,4,soil_moisture_awc
combined_winter_barley,2016,32,66,1.0,0.0,-1.0,0,4,soil_moisture_awc
combined_winter_barley,2016,32,70,3.0,4.0,1.0,0,4,yield_change
combined_winter_barley,2016,32,71,3.0,4.0,1.0,0,4,yield_change
combined_winter_barley,2016,32,72,3.0,0.0,-3.0,0,4,soil_moisture_awc
combined_winter_barley,2016,32,78,2.0,0.0,-2.0,0,4,soil_moisture_awc
combined_winter_barley,2016,32,79,2.0,0.0,-2.0,0,4,soil_moisture_awc
combined_winter_barley,2016,33,63,3.0,0.0,-3.0,0,4,soil_moisture_awc
combined_winter_barley,2016,33,72,3.0,4.0,1.0,0,4,yield_change
combined_winter_barley,2016,33,73,3.0,0.0,-3.0,0,4,soil_moisture_awc
combined_winter_barley,2016,34,74,2.0,0.0,-2.0,0,4,soil_moisture_awc
combined_winter_barley,2017,23,78,1.0,2.0,1.0,0,4,yield_change
combined_winter_barley,2017,24,45,3.0,0.0,-3.0,0,4,soil_moisture_awc
combined_winter_barley,2017,24,53,3.0,4.0,1.0,0,4,yield_change
combined_winter_barley,2017,24,54,3.0,4.0,1.0,0,4,yield_change
combined_winter_barley,2017,25,53,1.0,0.0,-1.0,0,4,soil_moisture_awc
combined_winter_barley,2017,25,54,3.0,4.0,1.0,0,4,yield_change
combined_winter_barley,2017,25,55,3.0,4.0,1.0,0,4,yield_change
combined_winter_barley,2017,25,56,3.0,4.0,1.0,0,4,yield_change
combined_winter_barley,2017,25,59,2.0,3.0,1.0,0,4,yield_change
combined_winter_barley,2017,25,60,3.0,4.0,1.0,0,4,yield_change
combined_winter_barley,2017,25,63,5.0,0.0,-5.0,0,4,soil_moisture_awc
combined_winter_barley,2017,25,67,3.0,4.0,1.0,0,4,yield_change
combined_winter_barley,2017,25,68,3.0,4.0,1.0,0,4,yield_change
combined_winter_barley,2017,26,58,3.0,4.0,1.0,0,4,yield_change
combined_winter_barley,2017,26,59,3.0,4.0,1.0,0,4,yield_change
combined_winter_barley,2017,26,61,5.0,0.0,-5.0,0,4,soil_moisture_awc
combined_winter_barley,2017,26,62,5.0,0.0,-5.0,0,4,soil_moisture_awc
combined_winter_barley,2017,26,63,5.0,0.0,-5.0,0,4,soil_moisture_awc
combined_winter_barley,2017,26,64,5.0,0.0,-5.0,0,4,soil_moisture_awc
combined_winter_barley,2017,26,65,5.0,0.0,-5.0,0,4,soil_moisture_awc
combined_winter_barley,2017,26,66,5.0,0.0,-5.0,0,4,soil_moisture_awc
combined_winter_barley,2017,26,79,2.0,0.0,-2.0,0,4,soil_moisture_awc
combined_winter_barley,2017,27,57,3.0,4.0,1.0,0,4,yield_change
combined_winter_barley,2017,27,63,5.0,0.0,-5.0,0,4,soil_moisture_awc
combined_winter_barley,2017,27,64,5.0,0.0,-5.0,0,4,soil_moisture_awc
combined_winter_barley,2017,27,65,5.0,0.0,-5.0,0,4,soil_moisture_awc
combined_winter_barley,2017,27,66,5.0,0.0,-5.0,0,4,soil_moisture_awc
combined_winter_barley,2017,27,67,5.0,0.0,-5.0,0,4,soil_moisture_awc
combined_winter_barley,2017,27,68,3.0,0.0,-3.0,0,4,soil_moisture_awc
combined_winter_barley,2017,27,69,2.0,0.0,-2.0,0,4,soil_moisture_awc
combined_winter_barley,2017,27,72,3.0,4.0,1.0,0,4,yield_change
combined_winter_barley,2017,27,73,3.0,4.0,1.0,0,4,yield_change
combined_winter_barley,2017,27,74,2.0,0.0,-2.0,0,4,soil_moisture_awc
combined_winter_barley,2017,27,78,2.0,0.0,-2.0,0,4,soil_moisture_awc
combined_winter_barley,2017,27,79,3.0,4.0,1.0,0,4,yield_change
combined_winter_barley,2017,27,80,3.0,4.0,1.0,0,4,yield_change
combined_winter_barley,2017,27,82,3.0,4.0,1.0,0,4,yield_change
combined_winter_barley,2017,28,58,1.0,0.0,-1.0,0,4,soil_moisture_awc
combined_winter_barley,2017,28,59,3.0,4.0,1.0,0,4,yield_change
combined_winter_barley,2017,28,60,5.0,0.0,-5.0,0,4,soil_moisture_awc
combined_winter_barley,2017,28,61,5.0,0.0,-5.0,0,4,soil_moisture_awc
combined_winter_barley,2017,28,62,5.0,0.0,-5.0,0,4,soil_moisture_awc
combined_winter_barley,2017,28,63,5.0,0.0,-5.0,0,4,soil_moisture_awc
combined_winter_barley,2017,28,64,5.0,0.0,-5.0,0,4,soil_moisture_awc
combined_winter_barley,2017,28,65,5.0,0.0,-5.0,0,4,soil_moisture_awc
combined_winter_barley,2017,28,66,5.0,0.0,-5.0,0,4,soil_moisture_awc
combined_winter_barley,2017,28,67,5.0,0.0,-5.0,0,4,soil_moisture_awc
combined_winter_barley,2017,28,68,5.0,0.0,-5.0,0,4,soil_moisture_awc
combined_winter_barley,2017,28,69,2.0,3.0,1.0,0,4,yield_change
combined_winter_barley,2017,28,72,2.0,3.0,1.0,0,4,yield_change
combined_winter_barley,2017,28,73,2.0,3.0,1.0,0,4,yield_change
combined_winter_barley,2017,28,81,3.0,4.0,1.0,0,4,yield_change
combined_winter_barley,2017,28,83,3.0,4.0,1.0,0,4,yield_change
combined_winter_barley,2017,29,60,4.0,5.0,1.0,0,4,yield_change
combined_winter_barley,2017,29,62,5.0,0.0,-5.0,0,4,soil_moisture_awc
combined_winter_barley,2017,29,63,5.0,0.0,-5.0,0,4,soil_moisture_awc
combined_winter_barley,2017,29,64,5.0,0.0,-5.0,0,4,soil_moisture_awc
combined_winter_barley,2017,29,65,5.0,0.0,-5.0,0,4,soil_moisture_awc
combined_winter_barley,2017,29,66,5.0,0.0,-5.0,0,4,soil_moisture_awc
combined_winter_barley,2017,29,67,5.0,0.0,-5.0,0,4,soil_moisture_awc
combined_winter_barley,2017,29,68,5.0,0.0,-5.0,0,4,soil_moisture_awc
combined_winter_barley,2017,29,69,4.0,0.0,-4.0,0,4,soil_moisture_awc
combined_winter_barley,2017,29,70,2.0,0.0,-2.0,0,4,soil_moisture_awc
combined_winter_barley,2017,29,71,2.0,0.0,-2.0,0,4,soil_moisture_awc
combined_winter_barley,2017,29,78,2.0,0.0,-2.0,0,4,soil_moisture_awc
combined_winter_barley,2017,29,79,2.0,0.0,-2.0,0,4,soil_moisture_awc
combined_winter_barley,2017,29,80,3.0,4.0,1.0,0,4,yield_change
combined_winter_barley,2017,29,84,3.0,4.0,1.0,0,4,yield_change
combined_winter_barley,2017,30,61,3.0,4.0,1.0,0,4,yield_change
combined_winter_barley,2017,30,62,3.0,4.0,1.0,0,4,yield_change
combined_winter_barley,2017,30,63,5.0,0.0,-5.0,0,4,soil_moisture_awc
combined_winter_barley,2017,30,64,5.0,0.0,-5.0,0,4,soil_moisture_awc
combined_winter_barley,2017,30,65,5.0,0.0,-5.0,0,4,soil_moisture_awc
combined_winter_barley,2017,30,66,5.0,0.0,-5.0,0,4,soil_moisture_awc
combined_winter_barley,2017,30,67,5.0,0.0,-5.0,0,4,soil_moisture_awc
combined_winter_barley,2017,30,68,5.0,0.0,-5.0,0,4,soil_moisture_awc
combined_winter_barley,2017,30,69,5.0,0.0,-5.0,0,4,soil_moisture_awc
combined_winter_barley,2017,30,70,4.0,0.0,-4.0,0,4,soil_moisture_awc
combined_winter_barley,2017,30,71,2.0,0.0,-2.0,0,4,soil_moisture_awc
combined_winter_barley,2017,30,78,3.0,4.0,1.0,0,4,yield_change
combined_winter_barley,2017,30,84,2.0,4.0,2.0,0,4,yield_change
combined_winter_barley,2017,31,57,1.0,0.0,-1.0,0,4,soil_moisture_awc
combined_winter_barley,2017,31,58,1.0,0.0,-1.0,0,4,soil_moisture_awc
combined_winter_barley,2017,31,63,3.0,0.0,-3.0,0,4,soil_moisture_awc
combined_winter_barley,2017,31,64,4.0,0.0,-4.0,0,4,soil_moisture_awc
combined_winter_barley,2017,31,65,3.0,4.0,1.0,0,4,yield_change
combined_winter_barley,2017,31,66,3.0,4.0,1.0,0,4,yield_change
combined_winter_barley,2017,31,67,4.0,5.0,1.0,0,4,yield_change
combined_winter_barley,2017,31,68,3.0,0.0,-3.0,0,4,soil_moisture_awc
combined_winter_barley,2017,31,69,5.0,0.0,-5.0,0,4,soil_moisture_awc
combined_winter_barley,2017,31,70,5.0,0.0,-5.0,0,4,soil_moisture_awc
combined_winter_barley,2017,31,71,3.0,4.0,1.0,0,4,yield_change
combined_winter_barley,2017,31,78,3.0,4.0,1.0,0,4,yield_change
combined_winter_barley,2017,32,58,2.0,0.0,-2.0,0,4,soil_moisture_awc
combined_winter_barley,2017,32,59,1.0,0.0,-1.0,0,4,soil_moisture_awc
combined_winter_barley,2017,32,60,2.0,0.0,-2.0,0,4,soil_moisture_awc
combined_winter_barley,2017,32,65,1.0,0.0,-1.0,0,4,soil_moisture_awc
combined_winter_barley,2017,32,66,1.0,0.0,-1.0,0,4,soil_moisture_awc
combined_winter_barley,2017,32,67,1.0,0.0,-1.0,0,4,soil_moisture_awc
combined_winter_barley,2017,32,70,3.0,4.0,1.0,0,4,yield_change
combined_winter_barley,2017,32,71,3.0,4.0,1.0,0,4,yield_change
combined_winter_barley,2017,32,78,2.0,0.0,-2.0,0,4,soil_moisture_awc
combined_winter_barley,2017,32,79,2.0,0.0,-2.0,0,4,soil_moisture_awc
combined_winter_barley,2017,33,63,2.0,0.0,-2.0,0,4,soil_moisture_awc
combined_winter_barley,2018,21,75,3.0,4.0,1.0,0,4,yield_change
combined_winter_barley,2018,22,78,5.0,4.0,-1.0,0,4,yield_change
combined_winter_barley,2018,23,41,3.0,4.0,1.0,0,4,yield_change
combined_winter_barley,2018,23,78,1.0,2.0,1.0,0,4,yield_change
combined_winter_barley,2018,24,42,3.0,0.0,-3.0,0,4,soil_moisture_awc
combined_winter_barley,2018,24,43,3.0,0.0,-3.0,0,4,soil_moisture_awc
combined_winter_barley,2018,24,46,0.0,2.0,2.0,0,3,yield_change
combined_winter_barley,2018,25,41,2.0,0.0,-2.0,0,4,soil_moisture_awc
combined_winter_barley,2018,25,55,3.0,4.0,1.0,0,4,yield_change
combined_winter_barley,2018,25,56,3.0,4.0,1.0,0,4,yield_change
combined_winter_barley,2018,25,60,3.0,4.0,1.0,0,4,yield_change
combined_winter_barley,2018,25,63,5.0,0.0,-5.0,0,4,soil_moisture_awc
combined_winter_barley,2018,25,67,3.0,4.0,1.0,0,4,yield_change
combined_winter_barley,2018,25,68,3.0,4.0,1.0,0,4,yield_change
combined_winter_barley,2018,26,43,2.0,3.0,1.0,0,4,yield_change
combined_winter_barley,2018,26,44,0.0,3.0,3.0,0,4,yield_change
combined_winter_barley,2018,26,47,0.0,2.0,2.0,0,4,yield_change
combined_winter_barley,2018,26,58,3.0,4.0,1.0,0,4,yield_change
combined_winter_barley,2018,26,59,3.0,4.0,1.0,0,4,yield_change
combined_winter_barley,2018,26,61,5.0,0.0,-5.0,0,4,soil_moisture_awc
combined_winter_barley,2018,26,62,5.0,0.0,-5.0,0,4,soil_moisture_awc
combined_winter_barley,2018,26,63,5.0,0.0,-5.0,0,4,soil_moisture_awc
combined_winter_barley,2018,26,64,5.0,0.0,-5.0,0,4,soil_moisture_awc
combined_winter_barley,2018,26,65,5.0,0.0,-5.0,0,4,soil_moisture_awc
combined_winter_barley,2018,26,66,5.0,0.0,-5.0,0,4,soil_moisture_awc
combined_winter_barley,2018,26,72,0.0,3.0,3.0,0,4,yield_change
combined_winter_barley,2018,26,77,2.0,0.0,-2.0,0,4,soil_moisture_awc
combined_winter_barley,2018,26,78,2.0,3.0,1.0,0,4,yield_change
combined_winter_barley,2018,26,79,2.0,3.0,1.0,0,4,yield_change
combined_winter_barley,2018,27,48,0.0,5.0,5.0,0,4,yield_change
combined_winter_barley,2018,27,63,5.0,0.0,-5.0,0,4,soil_moisture_awc
combined_winter_barley,2018,27,64,5.0,0.0,-5.0,0,4,soil_moisture_awc
combined_winter_barley,2018,27,65,5.0,0.0,-5.0,0,4,soil_moisture_awc
combined_winter_barley,2018,27,66,5.0,0.0,-5.0,0,4,soil_moisture_awc
combined_winter_barley,2018,27,67,5.0,0.0,-5.0,0,4,soil_moisture_awc
combined_winter_barley,2018,27,68,3.0,0.0,-3.0,0,4,soil_moisture_awc
combined_winter_barley,2018,27,69,2.0,0.0,-2.0,0,4,soil_moisture_awc
combined_winter_barley,2018,27,70,0.0,5.0,5.0,0,4,yield_change
combined_winter_barley,2018,27,71,3.0,4.0,1.0,0,4,yield_change
combined_winter_barley,2018,27,72,3.0,4.0,1.0,0,4,yield_change
combined_winter_barley,2018,27,73,3.0,4.0,1.0,0,4,yield_change
combined_winter_barley,2018,27,74,2.0,3.0,1.0,0,4,yield_change
combined_winter_barley,2018,27,78,2.0,0.0,-2.0,0,4,soil_moisture_awc
combined_winter_barley,2018,27,80,3.0,4.0,1.0,0,4,yield_change
combined_winter_barley,2018,27,82,3.0,4.0,1.0,0,4,yield_change
combined_winter_barley,2018,27,83,2.0,0.0,-2.0,0,4,soil_moisture_awc
combined_winter_barley,2018,28,59,3.0,4.0,1.0,0,4,yield_change
combined_winter_barley,2018,28,60,5.0,0.0,-5.0,0,4,soil_moisture_awc
combined_winter_barley,2018,28,61,5.0,0.0,-5.0,0,4,soil_moisture_awc
combined_winter_barley,2018,28,62,5.0,0.0,-5.0,0,4,soil_moisture_awc
combined_winter_barley,2018,28,63,5.0,0.0,-5.0,0,4,soil_moisture_awc
combined_winter_barley,2018,28,64,5.0,0.0,-5.0,0,4,soil_moisture_awc
combined_winter_barley,2018,28,65,5.0,0.0,-5.0,0,4,soil_moisture_awc
combined_winter_barley,2018,28,66,5.0,0.0,-5.0,0,4,soil_moisture_awc
combined_winter_barley,2018,28,67,5.0,0.0,-5.0,0,4,soil_moisture_awc
combined_winter_barley,2018,28,68,5.0,0.0,-5.0,0,4,soil_moisture_awc
combined_winter_barley,2018,28,72,2.0,3.0,1.0,0,4,yield_change
combined_winter_barley,2018,28,73,2.0,3.0,1.0,0,4,yield_change
combined_winter_barley,2018,28,82,2.0,0.0,-2.0,0,4,soil_moisture_awc
combined_winter_barley,2018,28,83,3.0,0.0,-3.0,0,4,soil_moisture_awc
combined_winter_barley,2018,29,62,5.0,0.0,-5.0,0,4,soil_moisture_awc
combined_winter_barley,2018,29,63,5.0,0.0,-5.0,0,4,soil_moisture_awc
combined_winter_barley,2018,29,64,5.0,0.0,-5.0,0,4,soil_moisture_awc
combined_winter_barley,2018,29,65,5.0,0.0,-5.0,0,4,soil_moisture_awc
combined_winter_barley,2018,29,66,5.0,0.0,-5.0,0,4,soil_moisture_awc
combined_winter_barley,2018,29,67,5.0,0.0,-5.0,0,4,soil_moisture_awc
combined_winter_barley,2018,29,68,5.0,0.0,-5.0,0,4,soil_moisture_awc
combined_winter_barley,2018,29,69,5.0,0.0,-5.0,0,4,soil_moisture_awc
combined_winter_barley,2018,29,70,3.0,0.0,-3.0,0,4,soil_moisture_awc
combined_winter_barley,2018,29,72,3.0,0.0,-3.0,0,4,soil_moisture_awc
combined_winter_barley,2018,29,80,2.0,3.0,1.0,0,4,yield_change
combined_winter_barley,2018,30,58,2.0,3.0,1.0,0,4,yield_change
combined_winter_barley,2018,30,62,3.0,4.0,1.0,0,4,yield_change
combined_winter_barley,2018,30,63,5.0,0.0,-5.0,0,4,soil_moisture_awc
combined_winter_barley,2018,30,64,5.0,0.0,-5.0,0,4,soil_moisture_awc
combined_winter_barley,2018,30,65,5.0,0.0,-5.0,0,4,soil_moisture_awc
combined_winter_barley,2018,30,66,5.0,0.0,-5.0,0,4,soil_moisture_awc
combined_winter_barley,2018,30,67,5.0,0.0,-5.0,0,4,soil_moisture_awc
combined_winter_barley,2018,30,68,5.0,0.0,-5.0,0,4,soil_moisture_awc
combined_winter_barley,2018,30,69,5.0,0.0,-5.0,0,4,soil_moisture_awc
combined_winter_barley,2018,30,70,5.0,0.0,-5.0,0,4,soil_moisture_awc
combined_winter_barley,2018,30,84,0.0,3.0,3.0,0,4,yield_change
combined_winter_barley,2018,31,65,3.0,4.0,1.0,0,4,yield_change
combined_winter_barley,2018,31,68,3.0,0.0,-3.0,0,4,soil_moisture_awc
combined_winter_barley,2018,31,69,5.0,0.0,-5.0,0,4,soil_moisture_awc
combined_winter_barley,2018,31,70,5.0,0.0,-5.0,0,4,soil_moisture_awc
combined_winter_barley,2018,31,71,3.0,4.0,1.0,0,4,yield_change
combined_winter_barley,2018,32,58,2.0,3.0,1.0,0,4,yield_change
combined_winter_barley,2018,32,71,3.0,4.0,1.0,0,4,yield_change
combined_winter_barley,2018,32,72,3.0,4.0,1.0,0,4,yield_change
combined_winter_barley,2018,33,72,3.0,4.0,1.0,0,4,yield_change
combined_winter_barley,2018,33,73,3.0,0.0,-3.0,0,4,soil_moisture_awc
combined_winter_barley,2018,34,72,3.0,4.0,1.0,0,4,yield_change
